000020,동화약품,30,45
000040,KR모터스,100,100
000050,경방,40,50
000060,메리츠화재,20,45
000070,삼양홀딩스,30,45
000075,삼양홀딩스우,100,100
000080,하이트진로,30,45
000087,하이트진로2우B,100,100
000100,유한양행,30,45
000105,유한양행우,40,100
000120,CJ대한통운,20,45
000140,하이트진로홀딩스,40,45
000145,하이트진로홀딩스우,100,100
000150,두산,30,45
000155,두산우,40,45
000157,두산2우B,100,100
000180,성창기업지주,40,50
000210,대림산업,30,45
000215,대림산업우,30,45
000220,유유제약,40,45
000225,유유제약1우,100,100
000227,유유제약2우B,100,100
000230,일동홀딩스,40,50
000240,한국테크놀로지그룹,30,45
000270,기아차,20,45
000300,대유플러스,100,100
000320,노루홀딩스,40,50
000325,노루홀딩스우,100,100
000370,한화손해보험,40,45
000390,삼화페인트,40,50
000400,롯데손해보험,40,45
000430,대원강업,40,50
000480,조선내화,40,50
000490,대동공업,40,50
000500,가온전선,40,50
000520,삼일제약,40,50
000540,흥국화재,40,50
000545,흥국화재우,100,100
000547,흥국화재2우B,100,100
000590,CS홀딩스,40,100
000640,동아쏘시오홀딩스,30,45
000650,천일고속,100,100
000660,SK하이닉스,20,45
000670,영풍,30,45
000680,LS네트웍스,40,50
000700,유수홀딩스,40,50
000720,현대건설,30,45
000725,현대건설우,100,100
000760,이화산업,100,100
000810,삼성화재,20,45
000815,삼성화재우,30,45
000850,화천기공,40,45
000860,강남제비스코,40,50
000880,한화,20,45
000885,한화우,100,100
00088K,한화3우B,30,45
000890,보해양조,40,50
000910,유니온,100,100
000950,전방,100,100
000970,한국주철관,40,45
000990,DB하이텍,30,45
000995,DB하이텍1우,100,100
001020,페이퍼코리아,100,100
001040,CJ,20,45
001045,CJ우,40,45
00104K,CJ4우(전환),30,45
001060,JW중외제약,30,45
001065,JW중외제약우,100,100
001067,JW중외제약2우B,100,100
001070,대한방직,100,100
001080,만호제강,40,50
001120,LG상사,30,45
001130,대한제분,40,50
001140,국보,100,100
001200,유진투자증권,30,100
001210,금호전기,100,100
001230,동국제강,40,45
001250,GS글로벌,30,45
001260,남광토건,40,60
001270,부국증권,40,50
001275,부국증권우,100,100
001290,상상인증권,100,100
001340,백광산업,30,45
001360,삼성제약,40,50
001380,SG충방,40,50
001390,KG케미칼,40,45
001420,태원물산,100,100
001430,세아베스틸,30,45
001440,대한전선,100,100
001450,현대해상,20,45
001460,BYC,40,50
001465,BYC우,100,100
001470,삼부토건,100,100
001500,현대차증권,30,45
001510,SK증권,30,45
001515,SK증권우,100,100
001520,동양,40,45
001525,동양우,100,100
001527,동양2우B,100,100
001529,동양3우B,100,100
001530,DI동일,40,50
001550,조비,40,50
001560,제일연마,40,50
001570,금양,40,50
001620,케이비아이동국실업,100,100
001630,종근당홀딩스,30,45
001680,대상,30,45
001685,대상우,100,100
001720,신영증권,40,45
001725,신영증권우,40,50
001740,SK네트웍스,20,45
001745,SK네트웍스우,100,100
001750,한양증권,40,45
001755,한양증권우,100,100
001770,신화실업,100,100
001780,알루코,40,45
001790,대한제당,40,50
001795,대한제당우,100,100
001800,오리온홀딩스,30,45
001820,삼화콘덴서,30,45
001880,삼호,40,45
001940,KISCO홀딩스,40,50
002020,코오롱,40,45
002025,코오롱우,100,100
002030,아세아,40,50
002070,남영비비안,50,100
002100,경농,30,45
002140,고려산업,40,45
002150,도화엔지니어링,30,45
002170,삼양통상,40,45
002200,한국수출포장,40,50
002210,동성제약,40,50
002220,한일철강,40,60
002240,고려제강,40,45
002270,롯데푸드,30,45
002300,한국제지,40,100
002310,아세아제지,30,45
002320,한진,30,45
002350,넥센타이어,30,45
002355,넥센타이어1우B,100,100
002360,SH에너지화학,40,45
002380,KCC,20,45
002390,한독,30,45
002410,범양건영,40,100
002420,세기상사,100,100
002450,삼익악기,40,45
002460,화성산업,40,50
002600,조흥,40,60
002620,제일파마홀딩스,40,50
002630,오리엔트바이오,100,100
002690,동일제강,40,60
002700,신일전자,30,45
002710,TCC스틸,40,50
002720,국제약품,40,50
002760,보락,40,45
002780,진흥기업,40,60
002785,진흥기업우B,100,100
002787,진흥기업2우B,100,100
002790,아모레G,20,45
002795,아모레G우,40,45
00279K,아모레G3우(전환),40,60
002810,삼영무역,40,45
002820,선창산업,100,100
002840,미원상사,40,45
002870,신풍제지,40,60
002880,대유에이텍,100,100
002900,동양물산,40,45
002920,유성기업,40,50
002960,한국쉘석유,30,45
002990,금호산업,40,100
002995,금호산업우,100,100
003000,부광약품,20,45
003010,혜인,40,50
003030,세아제강지주,40,50
003060,에이프로젠제약,50,100
003070,코오롱글로벌,40,50
003075,코오롱글로벌우,100,100
003080,성보화학,40,50
003090,대웅,30,45
003120,일성신약,40,60
003160,디아이,40,45
003200,일신방직,40,50
003220,대원제약,30,45
003230,삼양식품,30,45
003240,태광산업,30,45
003280,흥아해운,100,100
003300,한일홀딩스,40,50
003350,한국화장품제조,40,50
003410,쌍용양회,20,45
003415,쌍용양회우,100,100
003460,유화증권,40,60
003465,유화증권우,100,100
003470,유안타증권,30,45
003475,유안타증권우,100,100
003480,한진중공업홀딩스,100,100
003490,대한항공,40,45
003495,대한항공우,100,100
003520,영진약품,30,45
003530,한화투자증권,30,45
003535,한화투자증권우,100,100
003540,대신증권,30,45
003545,대신증권우,30,45
003547,대신증권2우B,40,50
003550,LG,20,45
003555,LG우,30,45
003560,IHQ,40,60
003570,S&T중공업,40,50
003580,넥스트사이언스,100,100
003610,방림,40,50
003620,쌍용차,100,100
003650,미창석유,40,50
003670,포스코케미칼,20,45
003680,한성기업,100,100
003690,코리안리,30,45
003720,삼영화학,100,100
003780,진양산업,40,50
003830,대한화섬,40,50
003850,보령제약,30,45
003920,남양유업,30,45
003925,남양유업우,100,100
003960,사조대림,30,45
004000,롯데정밀화학,30,45
004020,현대제철,20,45
004060,SG세계물산,40,45
004080,신흥,100,100
004090,한국석유,40,50
004100,태양금속,40,100
004105,태양금속우,100,100
004140,동방,40,60
004150,한솔홀딩스,40,50
004170,신세계,20,45
004200,고려개발,100,100
004250,NPC,40,50
004255,NPC우,100,100
004270,남성,40,50
004310,현대약품,40,50
004360,세방,40,45
004365,세방우,100,100
004370,농심,20,45
004380,삼익THK,40,45
004410,서울식품,100,100
004415,서울식품우,100,100
004430,송원산업,30,45
004440,대림씨엔에스,40,50
004450,삼화왕관,100,100
004490,세방전지,30,45
004540,깨끗한나라,100,100
004545,깨끗한나라우,100,100
004560,현대비앤지스틸,40,50
004565,현대비앤지스틸우,100,100
004690,삼천리,30,45
004700,조광피혁,40,50
004710,한솔테크닉스,40,50
004720,우리들제약,40,45
004770,써니전자,40,45
004800,효성,20,45
004830,덕성,40,50
004835,덕성우,100,100
004840,DRB동일,40,50
004870,티웨이홀딩스,40,60
004890,동일산업,40,50
004910,조광페인트,40,50
004920,씨아이테크,100,100
004960,한신공영,40,60
004970,신라교역,40,50
004980,성신양회,40,45
004985,성신양회우,100,100
004990,롯데지주,20,45
00499K,롯데지주우,40,50
005010,휴스틸,40,50
005030,부산주공,100,100
005070,코스모신소재,40,45
005090,삼광글라스,40,100
005110,한창,40,60
005180,빙그레,30,45
005190,동성화학,40,50
005250,녹십자홀딩스,30,45
005257,녹십자홀딩스2우,100,100
005300,롯데칠성,30,45
005305,롯데칠성우,40,50
005320,국동,40,100
005360,모나미,40,50
005380,현대차,20,45
005385,현대차우,20,45
005387,현대차2우B,20,45
005389,현대차3우B,30,45
005390,신성통상,40,50
005420,코스모화학,40,60
005430,한국공항,40,50
005440,현대그린푸드,30,45
005450,신한,100,100
005490,POSCO,20,45
005500,삼진제약,30,45
005610,SPC삼립,30,45
005680,삼영전자,40,50
005690,파미셀,40,100
005720,넥센,40,50
005725,넥센우,100,100
005740,크라운해태홀딩스,40,45
005745,크라운해태홀딩스우,100,100
005750,대림B&Co,40,50
005800,신영와코루,40,50
005810,풍산홀딩스,40,50
005820,원림,100,100
005830,DB손해보험,20,45
005850,에스엘,100,100
005870,휴니드,40,45
005880,대한해운,40,45
005930,삼성전자,20,45
005935,삼성전자우,20,45
005940,NH투자증권,20,45
005945,NH투자증권우,30,45
005950,이수화학,40,45
005960,동부건설,40,45
005965,동부건설우,100,100
006040,동원산업,30,45
006060,화승인더,30,45
006090,사조오양,40,45
006110,삼아알미늄,40,50
006120,SK디스커버리,30,45
006125,SK디스커버리우,40,60
006200,한국전자홀딩스,100,100
006220,제주은행,40,50
006260,LS,30,45
006280,녹십자,20,45
006340,대원전선,40,50
006345,대원전선우,100,100
006360,GS건설,30,45
006370,대구백화점,100,100
006380,카프로,40,50
006390,한일현대시멘트,40,45
006400,삼성SDI,20,45
006405,삼성SDI우,30,45
006490,인스코비,100,100
006570,대림통상,100,100
006650,대한유화,30,45
006660,삼성공조,40,50
006740,영풍제지,40,45
006800,미래에셋대우,20,45
006805,미래에셋대우우,40,50
00680K,미래에셋대우2우B,30,45
006840,AK홀딩스,40,50
006880,신송홀딩스,100,100
006890,태경케미컬,40,45
006980,우성사료,40,60
007070,GS리테일,20,45
007110,일신석재,40,50
007120,미래아이앤지,100,100
007160,사조산업,30,45
007210,벽산,40,45
007280,한국특수형강,100,100
007310,오뚜기,20,45
007340,디티알오토모티브,40,50
007460,에이프로젠 KIC,40,50
007540,샘표,40,45
007570,일양약품,30,45
007575,일양약품우,100,100
007590,동방아그로,40,50
007610,선도전기,40,50
007630,폴루스바이오팜,100,100
007660,이수페타시스,40,50
007690,국도화학,40,45
007700,F&F,20,45
007810,코리아써키트,40,45
007815,코리아써우,100,100
00781K,코리아써키트2우B,100,100
007860,서연,40,50
007980,태평양물산,100,100
008040,사조동아원,40,45
008060,대덕,30,45
00806K,대덕1우,100,100
008110,대동전자,100,100
008250,이건산업,40,60
008260,NI스틸,40,50
008350,남선알미늄,30,100
008355,남선알미우,100,100
008420,문배철강,40,50
008490,서흥,30,45
008500,일정실업,100,100
008560,메리츠증권,20,45
008600,윌비스,40,50
008700,아남전자,40,45
008730,율촌화학,30,45
008770,호텔신라,20,45
008775,호텔신라우,40,50
008870,금비,40,60
008930,한미사이언스,30,45
008970,동양철관,100,100
009070,KCTC,40,45
009140,경인전자,100,100
009150,삼성전기,20,45
009155,삼성전기우,30,45
009160,SIMPAC,40,45
009180,한솔로지스틱스,40,50
009190,대양금속,100,100
009200,무림페이퍼,40,45
009240,한샘,20,45
009270,신원,40,45
009275,신원우,100,100
009290,광동제약,30,45
009310,참엔지니어링,100,100
009320,대우부품,40,50
009410,태영건설,30,45
009415,태영건설우,100,100
009420,한올바이오파마,20,45
009440,KC그린홀딩스,40,45
009450,경동나비엔,30,45
009460,한창제지,40,45
009470,삼화전기,40,45
009540,한국조선해양,20,45
009580,무림P&P,30,45
009680,모토닉,40,45
009770,삼정펄프,40,100
009810,엔케이물산,100,100
009830,한화솔루션,20,45
009835,한화솔루션우,100,100
009970,영원무역홀딩스,40,45
010040,한국내화,40,45
010050,우리종금,40,45
010060,OCI,30,45
010100,한국프랜지,40,50
010120,LS ELECTRIC,20,45
010130,고려아연,20,45
010140,삼성중공업,40,45
010145,삼성중공우,100,100
010400,우진아이엔에스,40,50
010420,한솔PNS,100,100
010580,지코,100,100
010600,웰바이오텍,100,100
010620,현대미포조선,20,45
010640,진양폴리,100,100
010660,화천기계,40,50
010690,화신,40,50
010770,평화홀딩스,100,100
010780,아이에스동서,40,45
010820,퍼스텍,100,100
010950,S-Oil,20,45
010955,S-Oil우,30,45
010960,삼호개발,40,45
011000,진원생명과학,100,100
011070,LG이노텍,20,45
011090,에넥스,40,50
011150,CJ씨푸드,30,45
011155,CJ씨푸드1우,100,100
011170,롯데케미칼,20,45
011200,HMM,100,100
011210,현대위아,30,45
011230,삼화전자,100,100
011280,태림포장,30,45
011300,성안,100,100
011330,유니켐,30,45
011390,부산산업,40,45
011420,갤럭시아에스엠,100,100
011500,한농화성,40,45
011690,유양디앤유,100,100
011700,한신기계,40,50
011760,현대상사,30,45
011780,금호석유,20,45
011785,금호석유우,40,45
011790,SKC,20,45
011810,STX,100,100
011930,신성이엔지,40,50
012030,DB,40,45
012160,영흥,40,50
012170,키위미디어그룹,100,100
012200,계양전기,40,45
012205,계양전기우,100,100
012280,영화금속,40,50
012320,경동인베스트,40,50
012330,현대모비스,20,45
012450,한화에어로스페이스,20,45
012510,더존비즈온,30,45
012600,청호컴넷,100,100
012610,경인양행,40,45
012630,HDC,30,45
012690,모나리자,40,45
012750,에스원,20,45
012800,대창,30,45
013000,세우글로벌,40,50
013360,일성건설,40,60
013520,화승알앤에이,40,50
013570,디와이,30,45
013580,계룡건설,40,60
013700,까뮤이앤씨,40,50
013870,지엠비코리아,40,45
013890,지누스,30,45
014130,한익스프레스,40,45
014160,대영포장,30,45
014280,금강공업,40,50
014285,금강공업우,100,100
014440,영보화학,40,50
014530,극동유화,30,45
014580,태경비케이,40,45
014680,한솔케미칼,30,45
014710,사조씨푸드,40,45
014790,한라,40,50
014820,동원시스템즈,30,45
014825,동원시스템즈우,100,100
014830,유니드,30,45
014910,성문전자,100,100
014915,성문전자우,100,100
014990,인디에프,40,60
015020,이스타코,100,100
015230,대창단조,40,50
015260,에이엔피,100,100
015350,부산가스,40,50
015360,예스코홀딩스,40,50
015540,쎌마테라퓨틱스,100,100
015590,큐로,50,100
015760,한국전력,20,45
015860,일진홀딩스,40,45
015890,태경산업,40,50
016090,대현,40,50
016360,삼성증권,20,45
016380,KG동부제철,100,100
016385,KG동부제철우,100,100
016450,한세예스24홀딩스,40,50
016580,환인제약,30,45
016590,신대양제지,30,45
016610,DB금융투자,40,50
016710,대성홀딩스,40,45
016740,두올,40,45
016800,퍼시스,40,50
016880,웅진,100,100
017040,광명전기,40,45
017180,명문제약,40,50
017370,우신시스템,40,50
017390,서울가스,40,50
017550,수산중공업,40,45
017670,SK텔레콤,20,45
017800,현대엘리베이,20,45
017810,풀무원,30,45
017900,광전자,40,50
017940,E1,30,45
017960,한국카본,30,45
018250,애경산업,30,45
018260,삼성에스디에스,20,45
018470,조일알미늄,100,100
018500,동원금속,100,100
018670,SK가스,30,45
018880,한온시스템,20,45
019170,신풍제약,100,100
019175,신풍제약우,100,100
019180,티에이치엔,100,100
019440,세아특수강,40,50
019490,하이트론,100,100
019680,대교,40,45
019685,대교우B,40,50
020000,한섬,30,45
020120,키다리스튜디오,50,100
020150,일진머티리얼즈,20,45
020560,아시아나항공,40,100
020760,일진디스플,40,50
021050,서원,50,60
021240,코웨이,20,45
021820,세원정공,100,100
023000,삼원강재,40,100
023150,MH에탄올,50,100
023350,한국종합기술,40,60
023450,동남합성,100,100
023530,롯데쇼핑,20,45
023590,다우기술,30,45
023800,인지컨트롤스,40,50
023810,인팩,40,50
023960,에쓰씨엔지니어링,100,100
024070,WISCOM,100,100
024090,디씨엠,40,50
024110,기업은행,20,45
024720,한국콜마홀딩스,30,45
024890,대원화성,40,50
024900,덕양산업,40,100
025000,KPX케미칼,40,50
025530,SJM홀딩스,100,100
025540,한국단자,30,45
025560,미래산업,100,100
025620,제이준코스메틱,100,100
025750,한솔홈데코,40,45
025820,이구산업,40,50
025860,남해화학,30,45
025890,한국주강,100,100
026890,디피씨,40,45
026940,부국철강,40,50
026960,동서,30,45
027410,BGF,30,45
027740,마니커,40,100
027970,세하,100,100
028050,삼성엔지니어링,40,50
028100,동아지질,30,45
028260,삼성물산,20,45
02826K,삼성물산우B,30,45
028670,팬오션,20,45
029460,케이씨,30,45
029530,신도리코,40,50
029780,삼성카드,20,45
030000,제일기획,20,45
030200,KT,20,45
030210,KTB투자증권,30,45
030610,교보증권,30,45
030720,동원수산,40,50
030790,비케이탑스,100,100
031430,신세계인터내셔날,20,45
031440,신세계푸드,30,45
031820,콤텍시스템,40,45
032350,롯데관광개발,40,50
032560,황금에스티,40,45
032640,LG유플러스,20,45
032830,삼성생명,20,45
033180,필룩스,40,45
033240,자화전자,40,45
033250,체시스,100,100
033270,유나이티드제약,40,45
033530,세종공업,40,50
033660,아주캐피탈,40,45
033780,KT&G,20,45
033920,무학,40,45
034020,두산중공업,100,100
034120,SBS,30,45
034220,LG디스플레이,20,45
034300,신세계건설,40,50
034310,NICE,40,45
034590,인천도시가스,40,60
034730,SK,20,45
03473K,SK우,40,45
034830,한국토지신탁,30,45
035000,지투알,40,50
035150,백산,30,45
035250,강원랜드,20,45
035420,NAVER,20,45
035510,신세계 I&C,30,45
035720,카카오,20,45
036420,제이콘텐트리,40,45
036460,한국가스공사,20,45
036530,S&T홀딩스,40,50
036570,엔씨소프트,20,45
036580,팜스코,40,45
037270,YG PLUS,100,100
037560,LG헬로비전,30,45
037710,광주신세계,40,50
039130,하나투어,40,50
039490,키움증권,20,45
039570,HDC아이콘트롤스,40,45
041650,상신브레이크,40,50
042660,대우조선해양,40,45
042670,두산인프라코어,40,45
042700,한미반도체,30,45
044380,주연테크,40,100
044450,KSS해운,40,50
044820,코스맥스비티아이,40,50
047040,대우건설,40,45
047050,포스코인터내셔널,20,45
047400,유니온머티리얼,40,100
047810,한국항공우주,20,45
049770,동원F&B,30,45
049800,우진플라임,100,100
051600,한전KPS,20,45
051630,진양화학,100,100
051900,LG생활건강,20,45
051905,LG생활건강우,20,45
051910,LG화학,20,45
051915,LG화학우,20,45
052690,한전기술,30,45
053210,스카이라이프,30,45
053690,한미글로벌,40,45
055490,테이팩스,40,45
055550,신한지주,20,45
057050,현대홈쇼핑,30,45
058430,포스코강판,40,50
058650,세아홀딩스,40,50
058730,다스코,40,45
058850,KTcs,40,45
058860,KTis,40,45
060980,한라홀딩스,30,45
063160,종근당바이오,30,45
064350,현대로템,30,45
064960,S&T모티브,30,45
066570,LG전자,20,45
066575,LG전자우,30,45
067830,세이브존I&C,40,50
068270,셀트리온,30,45
068290,삼성출판사,40,45
068400,SK렌터카,40,45
069260,휴켐스,30,45
069460,대호에이엘,100,100
069500,KODEX 200,20,45
069620,대웅제약,30,45
069640,한세엠케이,40,100
069660,KOSEF 200,20,45
069730,DSR제강,40,50
069960,현대백화점,20,45
070960,용평리조트,40,45
071050,한국금융지주,20,45
071055,한국금융지주우,30,45
071090,하이스틸,40,60
071320,지역난방공사,40,50
071840,롯데하이마트,30,45
071950,코아스,100,100
071970,STX중공업,100,100
072130,유엔젤,100,100
072710,농심홀딩스,40,50
073240,금호타이어,100,100
074610,이엔플러스,50,100
075180,새론오토모티브,40,100
075580,세진중공업,40,50
077500,유니퀘스트,40,45
077970,STX엔진,100,100
078000,텔코웨어,40,50
078520,에이블씨엔씨,40,45
078930,GS,20,45
078935,GS우,40,50
079160,CJ CGV,40,50
079430,현대리바트,30,45
079550,LIG넥스원,30,45
079980,휴비스,30,45
081000,일진다이아,30,45
081660,휠라홀딩스,20,45
082640,동양생명,40,45
082740,HSD엔진,100,100
083370,동북아12호,100,100
083420,그린케미칼,40,50
084010,대한제강,40,45
084670,동양고속,40,50
084680,이월드,40,45
084690,대상홀딩스,30,45
084695,대상홀딩스우,100,100
084870,TBH글로벌,100,100
085310,엔케이,100,100
085620,미래에셋생명,40,50
086280,현대글로비스,20,45
086790,하나금융지주,20,45
088260,이리츠코크렙,40,50
088350,한화생명,30,45
088790,진도,40,100
088980,맥쿼리인프라,30,45
089470,HDC현대EP,40,45
089590,제주항공,40,60
090080,평화산업,100,100
090350,노루페인트,40,45
090355,노루페인트우,100,100
090370,메타랩스,40,100
090430,아모레퍼시픽,20,45
090435,아모레퍼시픽우,30,45
091090,세원셀론텍,100,100
091160,KODEX 반도체,40,50
091170,KODEX 은행,40,50
091180,KODEX 자동차,40,50
091220,TIGER 은행,100,100
091230,TIGER 반도체,40,50
091810,티웨이항공,40,50
092200,디아이씨,100,100
092220,KEC,40,45
092230,KPX홀딩스,40,60
092440,기신정기,40,50
092780,동양피스톤,40,50
093050,LF,30,45
093230,이아이디,100,100
093240,형지엘리트,100,100
093370,후성,30,45
094280,효성ITX,40,50
094800,맵스리얼티1,100,100
095570,AJ네트웍스,40,50
095720,웅진씽크빅,40,50
096300,베트남개발1,100,100
096760,JW홀딩스,40,50
096770,SK이노베이션,20,45
096775,SK이노베이션우,30,45
097230,한진중공업,100,100
097750,TREX 중소형가치,100,100
097950,CJ제일제당,20,45
097955,CJ제일제당 우,30,45
098560,TIGER 방송통신,100,100
099140,KODEX China H,40,50
099340,하나니켈1호,100,100
099350,하나니켈2호,100,100
100220,비상교육,40,45
100250,진양홀딩스,40,50
100840,S&TC,40,45
100910,KOSEF KRX100,40,60
101060,SBS미디어홀딩스,40,50
101140,비티원,40,100
101280,KODEX 일본TOPIX100,40,50
101530,해태제과식품,40,45
102110,TIGER 200,20,45
102260,동성코퍼레이션,40,50
102280,쌍방울,40,100
102460,이연제약,40,45
102780,KODEX 삼성그룹,20,45
102960,KODEX 기계장비,100,100
102970,KODEX 증권,40,50
103130,웅진에너지,100,100
103140,풍산,30,45
103590,일진전기,40,50
104520,KOSEF 블루칩,40,60
104530,KOSEF 고배당,40,60
104700,한국철강,40,45
105010,TIGER 라틴35,100,100
105190,KINDEX 200,20,45
105560,KB금융,20,45
105630,한세실업,30,45
105780,KBSTAR 5대그룹주,40,60
105840,우진,40,60
107590,미원홀딩스,40,50
108450,KINDEX 삼성그룹섹터,40,50
108590,TREX 200,40,60
108670,LG하우시스,30,45
108675,LG하우시스우,40,50
109070,컨버즈,100,100
111110,호전실업,40,50
111770,영원무역,30,45
112610,씨에스윈드,40,45
114090,GKL,30,45
114100,KBSTAR 국고채3년,40,50
114260,KODEX 국고채3년,30,45
114460,KINDEX 중기국고채,40,60
114470,KOSEF 국고채3년,40,50
114800,KODEX 인버스,30,45
114820,TIGER 국채3년,40,50
115390,락앤락,30,45
117460,KODEX 에너지화학,40,100
117580,대성에너지,40,45
117680,KODEX 철강,40,50
117690,TIGER 차이나항셍25,40,60
117700,KODEX 건설,40,50
118000,우리들휴브레인,100,100
119650,KC코트렐,40,50
120030,조선선재,40,50
120110,코오롱인더,30,45
120115,코오롱인더우,40,50
122090,ARIRANG 코스피50,30,45
122260,KOSEF 통안채1년,40,50
122630,KODEX 레버리지,100,100
122900,아이마켓코리아,30,45
123310,TIGER 인버스,40,50
123320,TIGER 레버리지,100,100
123690,한국화장품,40,50
123700,SJM,40,100
123890,한국자산신탁,30,45
126560,현대에이치씨엔,30,45
128820,대성산업,100,100
128940,한미약품,30,45
129260,인터지스,40,100
130660,한전산업,40,50
130680,TIGER 원유선물Enhanc,40,50
130730,KOSEF 단기자금,40,50
131890,KINDEX 삼성그룹동일,40,60
132030,KODEX 골드선물(H),30,45
133690,TIGER 미국나스닥100,30,45
133820,화인베스틸,40,50
134380,미원화학,40,60
134790,시디즈,40,50
136340,KBSTAR 중기우량회사,40,45
136490,선진,40,45
137610,TIGER 농산물선물Enha,40,50
137930,마이다스 200커버드콜,40,60
138040,메리츠금융지주,30,45
138230,KOSEF 미국달러선물,40,50
138250,엔에스쇼핑,40,45
138490,코오롱플라스틱,40,50
138520,TIGER 삼성그룹펀더멘,40,60
138530,TIGER LG그룹+펀더멘,100,100
138540,TIGER 현대차그룹+펀,100,100
138910,KODEX 구리선물(H),100,100
138920,KODEX 콩선물(H),40,100
138930,BNK금융지주,20,45
139130,DGB금융지주,30,45
139220,TIGER 200 건설,40,100
139230,TIGER 200 중공업,40,50
139240,TIGER 200 철강소재,100,100
139250,TIGER 200 에너지화학,40,50
139260,TIGER 200 IT,30,45
139270,TIGER 200 금융,40,60
139280,TIGER 경기방어,40,50
139290,TIGER 200 경기소비재,100,100
139310,TIGER 금속선물(H),100,100
139320,TIGER 금은선물(H),40,100
139480,이마트,20,45
139660,KOSEF 미국달러선물인,40,60
140570,KBSTAR 수출주,100,100
140580,KBSTAR 우량업종,100,100
140700,KODEX 보험,40,50
140710,KODEX 운송,100,100
140910,에이리츠,100,100
140950,파워 코스피100,40,60
143210,핸즈코퍼레이션,40,50
143460,KINDEX 밸류대형,40,50
143850,TIGER 미국S&P500선물,30,45
143860,TIGER 헬스케어,30,45
144600,KODEX 은선물(H),30,45
144620,코오롱머티리얼,100,100
145210,세화아이엠씨,100,100
145270,케이탑리츠,100,100
145670,KINDEX 인버스,40,100
145720,덴티움,40,45
145850,TREX 펀더멘탈 200,40,100
145990,삼양사,30,45
145995,삼양사우,100,100
147970,TIGER 모멘텀,40,50
148020,KBSTAR 200,20,45
148070,KOSEF 국고채10년,30,45
150460,TIGER 중국소비테마,30,45
152100,ARIRANG 200,20,45
152280,KOSEF 200 선물,40,60
152330,코리아오토글라스,30,45
152380,KODEX 국채선물10년,40,50
152500,KINDEX 레버리지,100,100
152550,한국ANKOR유전,100,100
152870,파워 200,40,50
153130,KODEX 단기채권,20,45
153270,KOSEF 코스피100,40,50
153360,하이골드3호,100,100
155660,DSR,40,45
155900,바다로19호,100,100
156080,KODEX MSCI Korea,40,60
157450,TIGER 단기통안채,20,45
157490,TIGER 소프트웨어,40,50
157500,TIGER 증권,100,100
159800,마이티 코스피100,40,60
160580,TIGER 구리실물,40,60
161000,애경유화,30,45
161390,한국타이어앤테크놀로,20,45
161510,ARIRANG 고배당주,30,45
161890,한국콜마,30,45
163560,동일고무벨트,40,100
166400,TIGER 200커버드콜5%O,40,100
167860,KOSEF 국고채10년레버,100,100
168300,KTOP 코스피50,40,60
168490,한국패러랠,100,100
168580,KINDEX 중국본토CSI30,30,45
169950,KODEX 중국본토 A50,40,45
170350,TIGER 베타플러스,40,100
170900,동아에스티,30,45
172580,하이골드12호,100,100
174350,TIGER 로우볼,40,50
174360,KBSTAR 중국본토대형,40,50
175330,JB금융지주,30,45
176710,파워 중기국고채,100,100
176950,KODEX 국채선물10년인,40,50
180640,한진칼,40,50
18064K,한진칼우,100,100
181480,KINDEX 미국다우존스,40,50
181710,NHN,30,45
182480,TIGER 미국MSCI리츠(,40,50
182490,TIGER 단기선진하이일,40,60
183190,아세아시멘트,40,50
183700,KBSTAR 채권혼합,40,60
183710,KBSTAR 주식혼합,40,60
185680,KODEX 미국S&P바이오(,40,60
185750,종근당,30,45
189400,ARIRANG 글로벌MSCI(,100,100
190160,ARIRANG 단기유동성,40,50
190620,KINDEX 단기통안채,40,50
192080,더블유게임즈,30,45
192090,TIGER 차이나CSI300,30,45
192400,쿠쿠홀딩스,30,45
192650,드림텍,30,45
192720,파워 고배당저변동성,40,100
192820,코스맥스,30,45
194370,제이에스코퍼레이션,40,45
195870,해성디에스,30,45
195920,TIGER 일본TOPIX(합성,40,50
195930,TIGER 유로스탁스50(,40,45
195970,ARIRANG 선진국MSCI(,100,100
195980,ARIRANG 신흥국MSCI(,40,50
196030,KINDEX 일본TOPIX레버,100,100
196230,KBSTAR 단기통안채,30,45
200030,KODEX 미국S&P산업재(,40,60
200250,KOSEF 인도Nifty50(합,40,50
200880,서연이화,40,50
203780,TIGER 미국나스닥바이,40,50
204210,모두투어리츠,100,100
204320,만도,20,45
204450,KODEX China H 레버리,100,100
204480,TIGER 차이나CSI300레,100,100
205720,KINDEX 일본TOPIX인버,40,50
207940,삼성바이오로직스,30,45
208470,SMART 선진국MSCI Wor,40,60
210540,디와이파워,40,45
210780,TIGER 코스피고배당,40,50
210980,SK디앤디,40,50
211210,마이티 코스피고배당,100,100
211260,KINDEX 배당성장,100,100
211560,TIGER 배당성장,40,50
211900,KODEX 배당성장,40,50
213500,한솔제지,30,45
213610,KODEX 삼성그룹밸류,40,50
213630,ARIRANG 미국다우존스,100,100
214320,이노션,20,45
214330,금호에이치티,40,50
214390,경보제약,40,45
214420,토니모리,40,45
214980,KODEX 단기채권PLUS,30,45
215620,흥국 S&P코리아로우볼,40,60
217770,TIGER 원유선물인버스,40,50
217780,TIGER 차이나CSI300인,40,50
217790,TIGER 가격조정,40,50
218420,KODEX 미국S&P에너지(,100,100
219390,KBSTAR 미국S&P원유생,40,50
219480,KODEX 미국S&P500선물,40,45
219900,KINDEX 중국본토CSI30,100,100
220130,SMART 중국본토 중소,40,60
223190,KODEX 200가치저변동,40,50
225030,TIGER 미국S&P500선물,40,50
225040,TIGER 미국S&P500레버,100,100
225050,TIGER 유로스탁스레버,100,100
225060,TIGER 이머징마켓MSCI,100,100
225130,KINDEX 골드선물 레버,100,100
225800,KOSEF 미국달러선물레,100,100
226320,잇츠한불,40,45
226380,KINDEX 한류,100,100
226490,KODEX 코스피,30,45
226980,KODEX 200 중소형,40,50
227540,TIGER 200 헬스케어,40,50
227550,TIGER 200 산업재,100,100
227560,TIGER 200 생활소비재,100,100
227570,TIGER 우량가치,40,50
227830,ARIRANG 코스피,40,50
227840,현대코퍼레이션홀딩스,40,45
228790,TIGER 화장품,40,50
228800,TIGER 여행레저,100,100
228810,TIGER 미디어컨텐츠,100,100
228820,TIGER KTOP30,40,60
229200,KODEX 코스닥 150,20,45
229640,LS전선아시아,30,45
229720,KODEX KTOP30,40,60
230480,KOSEF 미국달러선물인,100,100
232080,TIGER 코스닥150,30,45
233160,TIGER 코스닥150 레버,100,100
233740,KODEX 코스닥150 레버,100,100
234080,JW생명과학,30,45
234310,KBSTAR V&S셀렉트밸류,40,60
236350,TIGER 인도니프티50레,100,100
237350,KODEX 코스피100,40,50
237370,KODEX 배당성장채권혼,40,50
237440,TIGER 경기방어채권혼,40,60
238670,ARIRANG 스마트베타Qu,40,100
238720,KINDEX 일본Nikkei225,40,60
239660,ARIRANG 우량회사채50,40,50
241180,TIGER 일본니케이225,40,60
241390,KBSTAR V&S셀렉트밸류,40,100
241560,두산밥캣,30,45
241590,화승엔터프라이즈,30,45
243880,TIGER 200IT레버리지,100,100
243890,TIGER 200에너지화학,100,100
244580,KODEX 바이오,40,50
244620,KODEX 모멘텀Plus,40,60
244660,KODEX 퀄리티Plus,40,100
244670,KODEX 밸류Plus,100,100
245340,TIGER 미국다우존스30,40,50
245350,TIGER 유로스탁스배당,40,100
245360,TIGER 차이나HSCEI,40,50
245710,KINDEX 베트남VN30(합,30,45
247780,KODEX 가치투자,100,100
247790,KODEX 성장투자,40,60
247800,KODEX 턴어라운드투자,40,60
248170,샘표식품,30,45
248260,TIGER 일본TOPIX헬스,40,60
248270,TIGER S&P글로벌헬스,40,50
249420,일동제약,40,45
250730,KBSTAR 차이나HSCEI(H,40,60
250780,TIGER 코스닥150선물,40,50
251270,넷마블,20,45
251340,KODEX 코스닥150선물,30,45
251350,KODEX 선진국MSCI Wor,30,45
251590,ARIRANG 고배당저변동,40,50
251600,ARIRANG 고배당주채권,40,60
251890,KINDEX 코스닥(합성),100,100
252000,TIGER 200동일가중,100,100
252400,KBSTAR 200선물레버리,100,100
252410,KBSTAR 200선물인버스,40,100
252420,KBSTAR 200선물인버스,100,100
252650,KODEX 200동일가중,40,100
252670,KODEX 200선물인버스2,100,100
252710,TIGER 200선물인버스2,100,100
252720,KBSTAR 모멘텀밸류,40,60
252730,KBSTAR 모멘텀로우볼,40,50
253150,ARIRANG 200선물레버,100,100
253160,ARIRANG 200선물인버,100,100
253230,KOSEF 200선물인버스2,100,100
253240,KOSEF 200선물인버스,40,50
253250,KOSEF 200선물레버리,100,100
253280,KBSTAR 헬스케어,40,50
253290,KBSTAR 헬스케어채권,40,60
253990,TIGER 대만TAIEX선물(,40,60
256440,KINDEX 인도네시아MSC,40,50
256450,ARIRANG 심천차이넥스,100,100
256750,KODEX 심천ChiNext(합,40,50
260200,KOSEF 배당바이백Plus,40,60
260270,KOSEF 저PBR가중,40,60
261060,TIGER 코스닥150IT,40,50
261070,TIGER 코스닥150바이,40,50
261110,TIGER 미국달러선물레,100,100
261120,TIGER 미국달러선물인,100,100
261140,TIGER 우선주,40,50
261220,KODEX WTI원유선물(H),100,100
261240,KODEX 미국달러선물,40,45
261250,KODEX 미국달러선물레,100,100
261260,KODEX 미국달러선물인,100,100
261270,KODEX 미국달러선물인,40,50
261920,KINDEX 필리핀MSCI(합,100,100
263190,ARIRANG 단기우량채권,40,50
264900,크라운제과,40,45
26490K,크라운제과우,100,100
265690,KINDEX 러시아MSCI(합,40,50
266140,TIGER 지속배당,100,100
266160,KBSTAR 고배당,40,50
266360,KODEX 미디어&엔터테,40,45
266370,KODEX IT,40,50
266390,KODEX 경기소비재,100,100
266410,KODEX 필수소비재,40,50
266420,KODEX 헬스케어,40,50
266550,ARIRANG 중형주저변동,40,60
267250,현대중공업지주,20,45
267260,현대일렉트릭,30,45
267270,현대건설기계,30,45
267290,경동도시가스,40,50
267300,TIGER 코스닥150로우,100,100
267440,KBSTAR 미국장기국채,40,60
267450,KBSTAR 미국장기국채,100,100
267490,KBSTAR 미국장기국채,100,100
267500,KBSTAR 미국장기국채,100,100
267770,TIGER 200선물레버리,100,100
267850,아시아나IDT,40,45
268280,미원에스씨,40,50
269370,TIGER S&P글로벌인프,100,100
269420,KODEX S&P글로벌인프,40,60
269530,ARIRANG S&P글로벌인,40,100
269540,ARIRANG 미국S&P500(H,40,50
270800,KBSTAR KQ고배당,40,50
270810,KBSTAR 코스닥150,30,45
271050,KODEX WTI원유선물인,40,50
271060,KODEX 3대농산물선물(,40,100
271560,오리온,20,45
271980,제일약품,40,45
272210,한화시스템,30,45
272220,KINDEX 스마트모멘텀,40,50
272230,KINDEX 스마트밸류,40,60
272450,진에어,40,60
272550,삼양패키징,30,45
272560,KBSTAR 단기국공채액,40,45
272570,KBSTAR 중장기국공채,40,50
272580,TIGER 단기채권액티브,40,45
272910,KINDEX 중장기국공채,40,60
273130,KODEX 종합채권(AA-이,30,45
273140,KODEX 단기변동금리부,40,60
275280,KODEX MSCI모멘텀,100,100
275290,KODEX MSCI밸류,40,60
275300,KODEX MSCI퀄리티,40,50
275540,파워 스마트밸류,40,100
275750,KBSTAR 코스닥150선물,40,100
275980,TIGER 글로벌4차산업,30,45
276000,TIGER 글로벌자원생산,40,60
276650,KBSTAR 글로벌4차산업,40,50
276970,KODEX 미국S&P고배당,40,50
276990,KODEX 글로벌4차산업,40,50
277540,KINDEX S&P아시아TOP5,40,50
277630,TIGER 코스피,30,45
277640,TIGER 코스피대형주,40,50
277650,TIGER 코스피중형주,40,50
278240,KBSTAR 코스닥150선물,100,100
278420,ARIRANG ESG우수기업,100,100
278530,KODEX 200TR,30,45
278540,KODEX MSCI Korea TR,30,45
278620,ARIRANG 단기채권액티,40,60
279530,KODEX 고배당,40,50
279540,KODEX 최소변동성,40,60
280320,KINDEX 미국4차산업인,40,60
280360,롯데제과,40,45
280920,ARIRANG 주도업종,40,60
280930,KODEX 미국러셀2000(H,40,50
280940,KODEX 골드선물인버스,100,100
281820,케이씨텍,30,45
281990,KBSTAR 중소형고배당,40,60
282000,KBSTAR 국고채3년선물,40,50
282330,BGF리테일,30,45
282690,동아타이어,40,50
283580,KODEX 중국본토CSI300,40,50
284430,KODEX 200미국채혼합,40,50
284740,쿠쿠홈시스,30,45
284980,KBSTAR 200금융,100,100
284990,KBSTAR 200에너지화학,100,100
285000,KBSTAR 200IT,40,45
285010,KBSTAR 200중공업,100,100
285020,KBSTAR 200철강소재,100,100
285130,SK케미칼,30,45
28513K,SK케미칼우,40,50
285690,FOCUS ESG리더스,40,60
286940,롯데정보통신,30,45
287180,ARIRANG 미국나스닥기,40,50
287300,KBSTAR 200건설,100,100
287310,KBSTAR 200경기소비재,100,100
287320,KBSTAR 200산업재,100,100
287330,KBSTAR 200생활소비재,40,100
289040,KODEX MSCI KOREA ESG,40,60
289250,TIGER MSCI KOREA ESG,40,100
289260,TIGER MSCI KOREA ESG,100,100
289480,TIGER 200커버드콜ATM,40,60
289670,ARIRANG 국채선물10년,40,100
290080,KBSTAR 200고배당커버,100,100
290130,KBSTAR ESG사회책임투,40,100
291130,KINDEX 멕시코MSCI(합,100,100
291610,KOSEF 코스닥150선물,100,100
291620,KOSEF 코스닥150선물,40,50
291630,KOSEF 코스닥150선물,100,100
291660,KODEX China H선물인,100,100
291680,KBSTAR 차이나H선물인,40,50
291890,KODEX MSCI EM선물(H),100,100
292050,KBSTAR KRX300,40,45
292100,TIGER 대형성장,100,100
292110,TIGER 대형가치,100,100
292120,TIGER 중소형,100,100
292130,TIGER 중소형성장,100,100
292140,TIGER 중소형가치,100,100
292150,TIGER TOP10,30,45
292160,TIGER KRX300,40,50
292190,KODEX KRX300,30,45
292340,마이티 200커버드콜AT,100,100
292500,SMART KRX300,40,50
292560,TIGER 일본엔선물,40,60
292570,TIGER 일본엔선물레버,100,100
292580,TIGER 일본엔선물인버,40,60
292590,TIGER 일본엔선물인버,100,100
292730,FOCUS KRX300,40,60
292750,ARIRANG KRX300,40,50
292770,KODEX 국채선물3년인,40,100
293180,HANARO 200,30,45
293480,하나제약,30,45
293940,신한알파리츠,40,50
294400,KOSEF 200TR,30,45
294870,HDC현대산업개발,30,100
295000,KBSTAR 국채선물10년,40,50
295020,KBSTAR 국채선물10년,100,100
295040,SMART 200TR,30,45
295820,ARIRANG 200동일가중,100,100
296710,KODEX FnKorea50,40,100
298000,효성화학,40,45
298020,효성티앤씨,40,45
298040,효성중공업,40,45
298050,효성첨단소재,40,45
298340,ARIRANG 국채선물3년,40,60
298690,에어부산,40,60
298770,KODEX 한국대만IT프리,40,100
299070,KINDEX 국채선물10년,100,100
299080,KINDEX 국채선물3년인,100,100
300280,KBSTAR 중소형모멘텀,100,100
300290,KBSTAR 중소형모멘텀,100,100
300300,KBSTAR KQ모멘텀로우,100,100
300310,KBSTAR KQ모멘텀밸류,100,100
300610,TIGER K게임,100,100
300640,KBSTAR 게임테마,100,100
300720,한일시멘트,40,45
300950,KODEX 게임산업,40,50
301400,ARIRANG 코스닥150,100,100
301410,ARIRANG 코스닥150선,40,50
301440,ARIRANG 코스피중형주,100,100
302170,TIGER 국채선물3년인,40,60
302180,TIGER 국채선물10년인,40,60
302190,TIGER 중장기국채,40,50
302200,TIGER 중장기국채선물,40,60
302210,TIGER 중장기국채선물,100,100
302450,KBSTAR 코스피,30,45
304660,KODEX 미국채울트라30,40,50
304670,KODEX 미국채울트라30,100,100
304760,HANARO KRX300,40,50
304770,HANARO 코스닥150,40,50
304780,HANARO 200선물레버리,100,100
304940,KODEX 미국나스닥100,40,50
305050,KINDEX 코스피,40,50
305080,TIGER 미국채10년선물,40,45
305540,TIGER 2차전지테마,40,45
305720,KODEX 2차전지산업,40,45
306200,세아제강,40,45
306520,HANARO 200선물인버스,40,50
306530,HANARO 코스닥150선물,100,100
306540,HANARO 단기통안채,40,60
306950,KODEX KRX300레버리지,100,100
306960,KODEX KRX300선물인버,40,60
307010,KBSTAR KRX300레버리,100,100
307020,KBSTAR KRX300선물인,40,60
307510,TIGER 의료기기,40,60
307520,TIGER 지주회사,100,100
307610,TIGER KRX300레버리지,100,100
307620,TIGER KRX300선물인버,40,60
307950,현대오토에버,30,45
308170,센트랄모텍,40,45
308620,KODEX 미국채10년선물,40,50
309170,ARIRANG KRX300IT,100,100
309210,ARIRANG KRX300헬스케,100,100
309230,KINDEX 미국WideMoat,40,50
310080,KBSTAR 중국MSCI Chin,40,100
310960,TIGER 200TR,40,50
310970,TIGER MSCI Korea TR,30,45
314250,KODEX 미국FANG플러스,40,50
314700,HANARO 농업융복합산,100,100
315270,TIGER 200커뮤니케이,40,60
315480,KBSTAR 200커뮤니케이,40,100
315930,KODEX Top5PlusTR,30,45
315960,KBSTAR 대형고배당10T,30,45
316140,우리금융지주,20,45
316300,KINDEX 싱가포르리츠,40,50
316670,KOSEF 코스닥150,40,60
317400,자이에스앤디,30,45
319640,TIGER 골드선물(H),40,50
319870,KBSTAR KRX300미국달,40,60
321410,KODEX 멀티에셋하이인,100,100
322000,현대에너지솔루션,30,45
322120,KINDEX 스마트퀄리티,100,100
322130,KINDEX 스마트로우볼,40,60
322150,KINDEX 스마트하이베,40,60
322400,HANARO e커머스,40,50
322410,HANARO 고배당,40,50
325010,KODEX Fn성장,40,45
325020,KODEX 배당가치,30,45
326230,KBSTAR 내수주플러스,40,60
326240,KBSTAR IT플러스,40,60
328370,ARIRANG 코스피TR,40,45
329200,TIGER 부동산인프라고,40,45
329650,KODEX TRF3070,40,50
329660,KODEX TRF5050,40,50
329670,KODEX TRF7030,40,50
329750,TIGER 미국달러단기채,40,50
330590,롯데리츠,40,100
331910,KOSEF Fn중소형,40,50
332500,KINDEX 200TR,30,45
332610,ARIRANG 미국단기우량,40,60
332620,ARIRANG 미국장기우량,40,50
332930,HANARO 200TR,40,50
332940,HANARO MSCI Korea TR,40,60
333940,ARIRANG KS로우볼가중,40,50
333950,ARIRANG KS로우사이즈,40,50
333960,ARIRANG KS모멘텀가중,40,50
333970,ARIRANG KS밸류가중TR,40,50
333980,ARIRANG KS퀄리티가중,40,50
334690,KBSTAR 팔라듐선물(H),40,50
334700,KBSTAR 팔라듐선물인,100,100
336160,KBSTAR 금융채액티브,40,60
336260,두산퓨얼셀,100,100
33626K,두산퓨얼셀1우,40,100
33626L,두산퓨얼셀2우B,40,100
336370,두산솔루스,40,45
33637K,두산솔루스1우,40,100
33637L,두산솔루스2우B,40,100
337120,KODEX Fn멀티팩터,40,50
337140,KODEX 코스피대형주,40,50
337150,KODEX 200exTOP,40,60
337160,KODEX 200ESG,40,60
338100,NH프라임리츠,40,50
341850,TIGER KIS부동산인프,40,100
342140,KINDEX 모닝스타싱가,40,60
342500,KBSTAR KRX국채선물3,40,60
342600,KBSTAR KRX국채선물3,100,100
342610,KBSTAR KRX국채선물3,40,100
342620,KBSTAR KRX국채선물3,100,100
344820,케이씨씨글라스,40,45
346000,HANARO KAP초장기국고,40,50
352540,KODEX TSE일본리츠(H),40,100
352560,KODEX 다우존스미국리,40,100
353200,대덕전자,40,45
35320K,대덕전자1우,40,100
354240,KBSTAR 미국고정배당,40,100
354350,HANARO 글로벌럭셔리S,40,100
354500,KINDEX 코스닥150,40,100
900140,엘브이엠씨홀딩스,40,50
500001,신한 K200 USD 선물,100,100
500002,신한 USD K200 선물,100,100
500003,신한 인버스 WTI원유,100,100
500004,신한 브렌트원유 선물,100,100
500005,신한 인버스 브렌트원,100,100
500006,신한 인버스 금 선물,100,100
500007,신한 인버스 은 선물,100,100
500008,신한 인버스 구리 선,100,100
500009,신한 다우존스지수 선,100,100
500010,신한 인버스 다우존스,100,100
500011,신한 달러인덱스 선물,100,100
500012,신한 인버스 달러인덱,100,100
500013,신한 옥수수 선물 ETN,100,100
500014,신한 인버스 옥수수,100,100
500015,신한 WTI원유 선물 ET,100,100
500016,신한 금 선물 ETN(H),100,100
500017,신한 은 선물 ETN(H),100,100
500018,신한 구리 선물 ETN(H,100,100
500019,신한 레버리지 WTI원,100,100
500020,신한 레버리지 다우존,100,100
500021,신한 천연가스 선물 E,100,100
500022,신한 인버스 천연가스,100,100
500023,신한 콩 선물 ETN(H),100,100
500024,신한 인버스 콩 선물,100,100
500027,신한 인버스 2X WTI원,100,100
500028,신한 인버스 2X 다우,100,100
500029,신한 레버리지 은 선,100,100
500030,신한 인버스 2X 은 선,100,100
500031,신한 레버리지 천연가,100,100
500032,신한 인버스 2X 천연,100,100
500035,신한 레버리지 미국달,100,100
500036,신한 인버스 2X 미국,100,100
500037,신한 레버리지 금 선,100,100
500038,신한 인버스 2X 금 선,100,100
500039,신한 코스피 콘도르 4,100,100
500040,신한 레버리지 구리,100,100
500041,신한 인버스 2X 구리,100,100
500042,신한 코스피 콘도르 6,100,100
500043,신한 코스피 콘도르 4,100,100
500044,신한 코스피 콘도르 6,100,100
500045,신한 S&P500 VIX S/T,100,100
500046,신한 코스피 월별 양,100,100
500047,신한 코스피 월별 양,100,100
500048,신한 코스피 월별 양,100,100
500049,신한 코스피 월별 양,100,100
500050,신한 레버리지 S&P500,100,100
500051,신한 인버스 2X S&P50,100,100
500052,신한 FnGuide 5G 테마,100,100
500053,신한 레버리지 천연가,100,100
500054,신한 인버스 2X 천연,100,100
510001,대신 WTI원유 선물 ET,100,100
510002,대신 아연선물 ETN(H),100,100
510003,대신 니켈선물 ETN(H),100,100
510004,대신 인버스 아연선물,100,100
510005,대신 2X 아연선물 ETN,100,100
510006,대신 인버스 니켈선물,100,100
510007,대신 2X 니켈선물 ETN,100,100
510008,대신 철광석 선물 ETN,100,100
510009,대신 인버스 철광석,100,100
510010,대신 인버스 2X 니켈,100,100
510011,대신 골드 커버드콜,100,100
520003,미래에셋 원자재 선물,100,100
520004,미래에셋 전기전자 Co,100,100
520005,미래에셋 인버스 전기,100,100
520006,미래에셋 에너지화학,100,100
520007,미래에셋 인버스 에너,100,100
520009,미래에셋 레버리지 원,100,100
520010,미래에셋 원유선물혼,100,100
520011,미래에셋 인버스 원유,100,100
520012,미래에셋 호주 ASX200,100,100
520013,미래에셋 Q150 Core5,100,100
520014,미래에셋 미디어엔터,100,100
520015,미래에셋 인버스 미디,100,100
520020,미래에셋 미국 시니어,100,100
520021,미래에셋 미국 시니어,100,100
520026,미래에셋 코스피 양매,100,100
530002,삼성 인버스 China A5,100,100
530003,삼성 모멘텀 탑픽 ETN,100,100
530004,삼성 화장품 테마주 E,100,100
530005,삼성 바이오 테마주 E,100,100
530006,삼성 음식료 테마주 E,100,100
530007,삼성 레저 테마주 ETN,100,100
530008,삼성 미디어 테마주 E,100,100
530009,삼성 증권 테마주 ETN,100,100
530010,삼성 건축자재 테마주,100,100
530011,삼성 온라인쇼핑 테마,100,100
530012,삼성 화학 테마주 ETN,100,100
530013,삼성 KTOP30 ETN,100,100
530014,삼성 China A50 선물,100,100
530015,삼성 미국 대형 성장,100,100
530016,삼성 미국 대형 가치,100,100
530017,삼성 미국 중소형 성,100,100
530018,삼성 미국 중소형 가,100,100
530019,삼성 미국 대형 성장,100,100
530020,삼성 미국 대형 가치,100,100
530021,삼성 미국 중소형 성,100,100
530022,삼성 미국 중소형 가,100,100
530023,삼성 레버리지 China,100,100
530031,삼성 레버리지 WTI원,100,100
530032,삼성 Cushing 에너지,100,100
530033,삼성 Alerian 에너지,100,100
530036,삼성 인버스 2X WTI원,100,100
530037,삼성 레버리지 천연가,100,100
530038,삼성 인버스 2X 천연,100,100
530053,삼성 코스피 풋매도 E,100,100
530055,삼성 레버리지 금 선,100,100
530056,삼성 인버스 2X 금 선,100,100
530060,삼성 코스피 양매도 5,100,100
530061,삼성 레버리지 은 선,100,100
530062,삼성 인버스 2X 은 선,100,100
530063,삼성 레버리지 구리,100,100
530064,삼성 인버스 2X 구리,100,100
530065,삼성 S&P500 VIX S/T,100,100
530066,삼성 코스피 풋매도 4,100,100
530067,삼성 KRX 금현물 ETN,100,100
550001,QV Big Vol ETN,100,100
550002,QV WISE 배당 ETN,100,100
550004,QV 롱숏 K150 매수 로,100,100
550005,QV 에너지 TOP5 ETN,100,100
550006,QV 내수소비 TOP5 ETN,100,100
550007,QV 조선 TOP5 ETN,100,100
550008,QV 소프트웨어 TOP5 E,100,100
550009,QV 하드웨어 TOP5 ETN,100,100
550010,QV 운송 TOP5 ETN,100,100
550011,QV 자동차 TOP5 ETN,100,100
550012,QV 의료 TOP5 ETN,100,100
550013,QV 화학 TOP5 ETN,100,100
550014,QV 바이오 TOP5 ETN,100,100
550015,QV 제약 TOP5 ETN,100,100
550016,QV 건설 TOP5 ETN,100,100
550018,QV CHINEXT ETN(H),100,100
550026,QV KTOP30 ETN,100,100
550033,QV 스마트리밸런싱 26,100,100
550041,QV 미국 IT TOP5 ETN(,100,100
550042,QV 레버리지 WTI원유,100,100
550043,QV 인버스 레버리지 W,100,100
550044,QV 레버리지 S&P500 E,100,100
550045,QV 인버스 레버리지 S,100,100
550046,QV 레버리지 10년 국,100,100
550047,QV 인버스 레버리지 1,100,100
550052,QV MSCI 선진국 ETN,100,100
550053,QV 인버스 MSCI 선진,100,100
550054,QV 레버리지 MSCI 선,100,100
550055,QV 인버스 레버리지 M,100,100
550056,QV 코스피 양매도 5%,100,100
550057,QV 코스피 변동성 매,100,100
550058,QV S&P500 VIX S/T 선,100,100
570003,TRUE 빅5 동일가중 ET,100,100
570008,TRUE 섹터탑픽 ETN,100,100
570009,TRUE 코리아프리미어,100,100
570019,TRUE 코스피 양매도 5,100,100
570020,TRUE 코스피 커버드콜,100,100
570021,TRUE 코스피 커버드풋,100,100
570022,TRUE 레버리지 S&P500,100,100
570023,TRUE 인버스 2X S&P50,100,100
570024,TRUE 코스피 타겟볼20,100,100
570025,TRUE 인버스 유로스탁,100,100
570026,TRUE 레버리지 유로스,100,100
570027,TRUE 인버스 2X 유로,100,100
570028,TRUE 인버스 HSCEI ET,100,100
570029,TRUE 코스피 양매도 3,100,100
570030,TRUE 코스피 양매도 A,100,100
570031,TRUE 레버리지 HSCEI,100,100
570032,TRUE 인버스 2X HSCEI,100,100
570034,TRUE 엔선물 ETN B,100,100
570035,TRUE 레버리지 엔선물,100,100
570036,TRUE 인버스 엔선물 E,100,100
570037,TRUE 유로선물 ETN B,100,100
570038,TRUE 인버스 유로선물,100,100
570042,TRUE 인버스 나스닥 1,100,100
570043,TRUE 레버리지 나스닥,100,100
570044,TRUE 인버스 2X 나스,100,100
570045,TRUE 레버리지 천연가,100,100
570046,TRUE 인버스 2X 천연,100,100
570047,TRUE FTSE100 ETN,100,100
570048,TRUE 유로스탁스50 양,100,100
570049,TRUE S&P500 양매도 4,100,100
580006,KB KTOP30 ETN,100,100
580007,KB KQ 우량주30 ETN,100,100
580008,KB 코스피 양매도 5%,100,100
580009,KB 코스피 마운틴 ETN,100,100
580010,KB Wise 분할매매 ETN,100,100
590003,미래에셋 유럽 대형주,100,100
590004,미래에셋 유럽 중형주,100,100
590005,미래에셋 일본 대형주,100,100
590006,미래에셋 일본 중형주,100,100
590007,미래에셋 미국 대형주,100,100
590008,미래에셋 미국 중형주,100,100
590009,미래에셋 미국 항공우,100,100
590010,미래에셋 레버리지 S&,100,100
590011,미래에셋 인버스 S&P5,100,100
590012,미래에셋 글로벌 리츠,100,100
590013,미래에셋 미국 리츠 E,100,100
590016,미래에셋 미국 헬스케,100,100
590017,미래에셋 미국 고배당,100,100
590018,미래에셋 중국 심천 1,100,100
700001,하나 코스피 변동성추,100,100
000250,삼천당제약,30,45
000440,중앙에너비스,100,100
001000,신라섬유,100,100
001540,안국약품,30,45
001810,무림SP,40,50
001840,이화공영,40,45
002230,피에스텍,40,50
002290,삼일기업공사,40,100
002680,한탑,100,100
002800,신신제약,40,45
003100,선광,40,50
003310,대주산업,40,50
003380,하림지주,30,45
003800,에이스침대,40,45
004590,한국가구,40,100
004650,창해에탄올,30,45
004780,대륙제관,40,45
005160,동국산업,40,50
005290,동진쎄미켐,40,45
005670,푸드웰,40,50
005710,대원산업,40,50
005860,한일사료,40,50
005990,매일홀딩스,40,50
006050,국영지앤엠,40,50
006140,피제이전자,40,45
006580,대양제지,40,45
006620,동구바이오제약,30,45
006730,서부T&D,40,45
006910,보성파워텍,40,50
006920,모헨즈,40,50
007330,푸른저축은행,100,100
007370,진양제약,40,60
007390,네이처셀,50,100
007530,영신금속,100,100
007680,대원,40,45
007720,대명소노시즌,30,45
007770,한일화학,40,50
007820,에스엠코어,30,45
008290,원풍물산,100,100
008370,원풍,40,50
008470,부스타,40,50
008800,행남사,100,100
008830,대동기어,100,100
009300,삼아제약,30,45
009520,포스코엠텍,30,45
009620,삼보산업,100,100
009730,코센,100,100
009780,엠에스씨,40,50
010170,대한광통신,40,45
010240,흥국,40,100
010280,쌍용정보통신,50,100
010470,오리콤,40,50
011040,경동제약,40,45
011080,형지I&C,100,100
011320,유니크,40,50
011370,서한,40,50
011560,세보엠이씨,40,50
012340,뉴인텍,100,100
012620,원일특강,40,100
012700,리드코프,40,50
012790,신일제약,40,45
012860,모베이스전자,100,100
013030,하이록코리아,40,45
013120,동원개발,40,45
013310,아진산업,40,50
013720,청보산업,100,100
013810,스페코,40,50
013990,아가방컴퍼니,40,100
014100,메디앙스,100,100
014190,원익큐브,40,50
014200,광림,40,60
014470,부방,40,50
014570,고려제약,40,100
014620,성광벤드,40,45
014940,오리엔탈정공,100,100
014970,삼륭물산,40,45
015710,코콤,40,45
015750,성우하이텍,30,45
016100,리더스코스메틱,100,100
016250,이테크건설,40,45
016600,큐캐피탈,40,60
016670,포비스티앤씨,40,50
016790,현대사료,40,45
016920,카스,100,100
017000,신원종합개발,40,100
017250,인터엠,100,100
017480,삼현철강,40,50
017510,세명전기,40,50
017650,대림제지,40,45
017890,한국알콜,30,45
018000,유니슨,100,100
018120,진로발효,40,45
018290,브이티지엠피,40,45
018310,삼목에스폼,40,50
018620,우진비앤지,100,100
018680,서울제약,40,50
018700,바른손,100,100
019010,베뉴지,40,50
019210,와이지-원,30,45
019540,일지테크,40,50
019550,SBI인베스트먼트,40,50
019570,리더스 기술투자,100,100
019590,엠벤처투자,100,100
019660,글로본,100,100
019770,서연탑메탈,40,60
019990,에너토크,40,50
020180,대신정보통신,40,60
020400,대동금속,100,100
020710,시공테크,40,45
021040,대호피앤씨,40,50
021045,대호피앤씨우,100,100
021080,에이티넘인베스트,40,45
021320,KCC건설,40,50
021650,한국큐빅,40,50
021880,메이슨캐피탈,100,100
022100,포스코 ICT,30,45
022220,정산애강,40,45
023160,태광,40,45
023410,유진기업,40,45
023440,제일제강,100,100
023460,CNH,40,60
023600,삼보판지,40,45
023760,한국캐피탈,40,50
023770,플레이위드,100,100
023790,동일철강,100,100
023890,한국아트라스비엑스,40,50
023900,풍국주정,30,45
023910,대한약품,30,45
024060,흥구석유,30,45
024120,KB오토시스,40,60
024740,한일단조,40,50
024800,유성티엔에스,40,50
024810,이화전기,100,100
024830,세원물산,100,100
024840,KBI메탈,40,50
024850,피에스엠씨,100,100
024880,케이피에프,40,50
024910,경창산업,100,100
024940,PN풍년,100,100
024950,삼천리자전거,40,60
025320,시노펙스,40,50
025440,대성엘텍,100,100
025550,한국선재,40,50
025770,한국정보통신,30,45
025870,신라에스지,100,100
025880,케이씨피드,40,100
025900,동화기업,30,45
025950,동신건설,40,50
025980,아난티,30,45
026040,제이에스티나,100,100
026150,특수건설,40,50
026910,광진실업,100,100
027040,서울전자통신,40,100
027050,코리아나,40,45
027360,아주IB투자,40,45
027580,상보,100,100
027710,팜스토리,40,50
027830,대성창투,40,50
028040,미래SCI,100,100
028080,휴맥스홀딩스,100,100
028150,GS홈쇼핑,30,45
028300,에이치엘비,30,45
029480,바른테크놀로지,100,100
029960,코엔텍,30,45
030190,NICE평가정보,30,45
030350,드래곤플라이,100,100
030520,한글과컴퓨터,30,45
030530,원익홀딩스,30,45
030960,양지사,40,50
031310,아이즈비전,40,60
031330,에스에이엠티,30,45
031390,녹십자셀,40,45
031510,오스템,40,50
031860,엔에스엔,100,100
031980,피에스케이홀딩스,40,45
032080,아즈텍WB,50,100
032190,다우데이타,30,45
032280,삼일,40,50
032500,케이엠더블유,30,45
032540,TJ미디어,100,100
032580,피델릭스,100,100
032620,유비케어,100,100
032680,소프트센,40,100
032685,소프트센우,100,100
032750,삼진,40,45
032790,엠젠플러스,100,100
032800,판타지오,100,100
032820,우리기술,100,100
032850,비트컴퓨터,30,45
032860,글로스퍼랩스,100,100
032940,원익,40,50
032960,동일기연,40,60
032980,바이온,100,100
033050,제이엠아이,100,100
033100,제룡전기,40,45
033110,코너스톤네트웍스,100,100
033130,디지틀조선,40,45
033160,엠케이전자,40,50
033170,시그네틱스,40,60
033200,모아텍,100,100
033230,인성정보,40,100
033290,코웰패션,30,45
033310,디케이디앤아이,40,45
033320,제이씨현시스템,40,45
033340,좋은사람들,100,100
033430,디에스티,100,100
033500,동성화인텍,40,50
033540,파라텍,100,100
033560,블루콤,40,45
033600,럭슬,100,100
033640,네패스,30,45
033790,스카이문스테크놀로지,100,100
033830,티비씨,40,45
034230,파라다이스,20,45
034810,해성산업,40,50
034940,조아제약,40,100
034950,한국기업평가,40,45
035080,인터파크홀딩스,40,50
035200,프럼파스트,40,60
035290,더블유에프엠,100,100
035460,기산텔레콤,100,100
035600,KG이니시스,40,45
035610,솔본,40,50
035620,바른손이앤에이,40,50
035760,CJ ENM,20,45
035810,이지바이오,30,45
035890,서희건설,100,100
035900,JYP Ent.,30,45
036000,예림당,40,50
036010,아비코전자,40,50
036030,KTH,40,50
036090,위지트,40,50
036120,SCI평가정보,40,45
036170,라이브파이낸셜,40,60
036180,에이프런티어,100,100
036190,금화피에스시,40,50
036200,유니셈,30,45
036260,이매진아시아,100,100
036480,대성미생물,40,50
036490,SK머티리얼즈,30,45
036540,SFA반도체,40,45
036560,영풍정밀,40,45
036620,버추얼텍,100,100
036630,세종텔레콤,100,100
036640,HRS,40,50
036670,KCI,30,45
036690,코맥스,40,50
036710,심텍홀딩스,40,50
036800,나이스정보통신,30,45
036810,에프에스티,30,45
036830,솔브레인,20,45
036890,진성티이씨,30,45
036930,주성엔지니어링,40,45
037030,파워넷,40,50
037070,파세코,30,45
037230,한국팩키지,40,50
037330,인지디스플레,40,45
037350,성도이엔지,40,50
037370,EG,100,100
037400,우리조명,100,100
037440,희림,40,50
037460,삼지전자,40,45
037760,쎄니트,40,50
037950,엘컴텍,30,45
038010,제일테크노스,40,50
038060,루멘스,100,100
038070,서린바이오,30,45
038110,에코플라스틱,100,100
038160,팍스넷,100,100
038290,마크로젠,40,45
038340,UCI,100,100
038390,레드캡투어,40,60
038460,바이오스마트,40,45
038500,삼표시멘트,40,45
038530,골드퍼시픽,100,100
038540,상상인,40,45
038620,위즈코프,40,100
038680,에스넷,40,45
038870,에코바이오,100,100
038880,아이에이,40,50
038950,파인디지털,100,100
039010,현대통신,40,50
039020,이건홀딩스,40,50
039030,이오테크닉스,30,45
039200,오스코텍,40,100
039230,에이아이비트,100,100
039240,경남스틸,40,50
039290,인포뱅크,40,50
039310,세중,40,60
039340,한국경제TV,30,45
039420,케이엘넷,40,50
039440,에스티아이,30,45
039560,다산네트웍스,40,45
039610,화성밸브,40,50
039670,한류타임즈,100,100
039740,한국정보공학,100,100
039830,오로라,40,45
039840,디오,30,45
039860,나노엔텍,40,45
039980,리노스,40,50
040160,누리텔레콤,40,45
040300,YTN,40,50
040350,큐로컴,100,100
040420,정상제이엘에스,40,50
040610,SG&G,40,50
040910,아이씨디,30,45
041020,인프라웨어,100,100
041140,넥슨지티,40,60
041190,우리기술투자,30,45
041440,에버다임,40,50
041460,한국전자인증,40,100
041510,에스엠,40,45
041520,이라이콤,40,50
041590,젬백스지오,100,100
041830,인바디,30,45
041910,에스텍파마,40,45
041920,메디아나,40,45
041930,동아화성,40,45
041960,코미팜,40,50
042000,카페24,30,100
042040,케이피엠테크,100,100
042110,에스씨디,40,50
042370,비츠로테크,30,100
042420,네오위즈홀딩스,30,45
042500,링네트,40,45
042510,라온시큐어,40,45
042520,한스바이오메드,30,45
042600,새로닉스,40,60
042940,상지카일룸,100,100
043090,큐브앤컴퍼니,100,100
043100,솔고바이오,100,100
043150,바텍,30,45
043200,파루,50,100
043220,에이치엘비파워,100,100
043260,성호전자,100,100
043290,케이맥,40,50
043340,에쎈테크,100,100
043360,디지아이,100,100
043370,평화정공,30,45
043590,크로바하이텍,100,100
043610,지니뮤직,40,45
043650,국순당,100,100
043710,서울리거,100,100
043910,자연과환경,50,100
044060,조광ILI,40,50
044180,KD,100,100
044340,위닉스,30,45
044480,경남바이오파마,100,100
044490,태웅,40,50
044780,에이치케이,100,100
044960,이글벳,40,45
045060,오공,40,45
045100,한양이엔지,30,45
045300,성우테크론,40,50
045340,토탈소프트,100,100
045390,대아티아이,30,45
045510,정원엔시스,40,60
045520,크린앤사이언스,40,50
045660,에이텍,40,45
045890,GV,100,100
045970,코아시아,40,60
046070,코다코,100,100
046110,한일네트웍스,40,50
046120,오르비텍,40,45
046140,SBS콘텐츠허브,40,45
046210,파나진,100,100
046310,백금T&A,40,50
046390,삼화네트웍스,40,60
046440,KG모빌리언스,30,45
046890,서울반도체,30,45
046940,우원개발,40,50
046970,우리로,40,100
047080,한빛소프트,100,100
047310,파워로직스,30,45
047560,이스트소프트,100,100
047770,코데즈컴바인,40,50
047820,초록뱀,40,100
047920,메디포럼제약,50,100
048260,오스템임플란트,40,50
048410,현대바이오,40,45
048430,유라테크,40,45
048470,대동스틸,40,50
048530,인트론바이오,40,45
048550,SM C&C,100,100
048770,TPC,100,100
048830,엔피케이,40,50
048870,시너지이노베이션,40,50
048910,대원미디어,40,45
049070,인탑스,40,45
049080,기가레인,100,100
049120,파인디앤씨,100,100
049180,셀루메드,100,100
049430,코메론,40,50
049470,SGA,100,100
049480,오픈베이스,40,45
049520,유아이엘,40,50
049550,잉크테크,100,100
049630,재영솔루텍,40,100
049720,고려신용정보,40,50
049830,승일,40,50
049950,미래컴퍼니,30,45
049960,쎌바이오텍,30,45
050090,휘닉스소재,100,100
050110,캠시스,40,50
050120,라이브플렉스,40,60
050320,에이앤티앤,100,100
050540,한국코퍼레이션,100,100
050760,에스폴리텍,40,50
050860,아세아텍,40,45
050890,쏠리드,40,50
050960,수산아이앤티,40,100
051160,지어소프트,50,100
051360,토비스,30,45
051370,인터플렉스,40,60
051380,피씨디렉트,50,100
051390,YW,40,50
051490,나라엠앤디,40,50
051500,CJ프레시웨이,40,45
051780,큐로홀딩스,100,100
051980,센트럴바이오,100,100
052020,에스티큐브,100,100
052190,이에스에이,100,100
052220,iMBC,40,50
052260,SK바이오랜드,30,100
052300,W홀딩컴퍼니,40,60
052330,코텍,30,45
052400,코나아이,100,100
052420,오성첨단소재,40,45
052460,아이크래프트,40,100
052600,한네트,40,50
052670,제일바이오,40,45
052710,아모텍,40,45
052770,아이톡시,100,100
052790,액토즈소프트,40,45
052860,아이앤씨,40,45
052900,KMH하이텍,40,50
053030,바이넥스,30,45
053050,지에스이,40,50
053060,세동,100,100
053110,소리바다,100,100
053160,프리엠스,40,50
053260,금강철강,40,50
053270,구영테크,40,50
053280,예스24,40,50
053290,NE능률,40,100
053300,한국정보인증,40,100
053350,이니텍,40,50
053450,세코닉스,40,50
053580,웹케시,30,45
053590,한국테크놀로지,100,100
053610,프로텍,30,45
053620,태양,40,50
053660,현진소재,100,100
053700,삼보모터스,40,50
053800,안랩,30,45
053950,경남제약,100,100
053980,오상자이엘,40,50
054040,한국컴퓨터,40,50
054050,농우바이오,30,45
054090,삼진엘앤디,40,50
054180,중앙오션,100,100
054210,이랜텍,40,50
054220,비츠로시스,100,100
054300,팬스타엔터프라이즈,100,100
054410,케이피티유,100,100
054450,텔레칩스,30,45
054540,삼영엠텍,40,50
054620,APS홀딩스,40,60
054630,에이디칩스,100,100
054670,대한뉴팜,40,45
054780,키이스트,40,60
054800,아이디스홀딩스,40,50
054920,한컴위드,100,100
054930,유신,100,100
054940,엑사이엔씨,100,100
054950,제이브이엠,40,45
056000,네스엠,100,100
056080,유진로봇,100,100
056090,유앤아이,40,60
056190,에스에프에이,20,45
056360,코위버,30,45
056700,신화인터텍,40,45
056730,포스링크,100,100
057030,YBM넷,40,45
057500,SKC 솔믹스,40,50
057540,옴니시스템,40,45
057680,옴니텔,100,100
057880,필로시스헬스케어,100,100
058110,멕아이씨에스,100,100
058220,아리온,100,100
058400,KNN,40,45
058420,제이웨이,100,100
058450,일야,100,100
058470,리노공업,20,45
058530,슈펙스비앤피,100,100
058610,에스피지,40,50
058630,엠게임,40,45
058820,CMG제약,40,45
059090,미코,40,45
059100,아이컴포넌트,100,100
059120,아진엑스텍,40,50
059210,메타바이오메드,40,45
060150,인선이엔티,30,45
060230,이그잭스,50,100
060240,룽투코리아,40,100
060250,NHN한국사이버결제,40,45
060260,뉴보텍,50,100
060280,큐렉소,100,100
060300,레드로버,100,100
060310,3S,100,100
060370,KT서브마린,40,100
060380,동양에스텍,100,100
060480,국일신동,40,50
060540,에스에이티,40,50
060560,홈센타홀딩스,100,100
060570,드림어스컴퍼니,100,100
060590,씨티씨바이오,40,100
060720,KH바텍,40,50
060900,케이알피앤이,100,100
061040,알에프텍,40,50
061250,화일약품,40,50
061970,엘비세미콘,40,45
062860,티엘아이,100,100
062970,피피아이,40,50
063080,게임빌,40,50
063170,서울옥션,40,50
063440,SM Life Design,40,60
063570,한국전자금융,40,45
063760,이엘피,40,50
064090,에프앤리퍼블릭,100,100
064240,홈캐스트,40,50
064260,다날,40,50
064290,인텍플러스,50,100
064480,브리지텍,100,100
064510,에코마이스터,100,100
064520,바른전자,100,100
064550,바이오니아,100,100
064760,티씨케이,30,45
064800,젬백스링크,40,45
064820,케이프,40,45
065060,지엔코,40,60
065130,탑엔지니어링,30,45
065150,MP그룹,100,100
065170,넥스트BT,40,60
065350,신성델타테크,40,45
065370,위세아이텍,40,50
065420,에스아이리소스,100,100
065440,이루온,50,100
065450,빅텍,40,100
065500,오리엔트정공,100,100
065510,휴비츠,30,45
065530,전파기지국,40,50
065560,녹원씨엔아이,100,100
065570,삼영이엔씨,40,50
065620,제낙스,100,100
065650,메디프론,100,100
065660,안트로젠,40,100
065680,우주일렉트로,40,45
065690,파커스,40,50
065710,서호전기,40,45
065770,CS,40,100
065940,바이오빌,100,100
065950,웰크론,40,45
066110,한프,100,100
066130,하츠,40,45
066310,큐에스아이,40,50
066360,체리부로,40,100
066410,버킷스튜디오,100,100
066430,와이오엠,100,100
066590,우수AMS,40,50
066620,국보디자인,40,50
066670,디스플레이텍,40,50
066700,테라젠이텍스,30,45
066790,씨씨에스,100,100
066900,디에이피,40,50
066910,손오공,40,100
066970,엘앤에프,40,45
066980,브레인콘텐츠,40,45
067000,조이시티,100,100
067010,이씨에스,40,50
067080,대화제약,40,45
067160,아프리카TV,30,45
067170,오텍,30,45
067280,멀티캠퍼스,40,45
067290,JW신약,40,60
067310,하나마이크론,40,50
067390,아스트,40,45
067570,엔브이에이치코리아,40,50
067630,에이치엘비생명과학,50,100
067730,로지시스,40,100
067770,세진티에스,100,100
067900,와이엔텍,30,45
067920,이글루시큐리티,40,50
067990,도이치모터스,40,50
068050,팬엔터테인먼트,100,100
068240,다원시스,40,45
068330,일신바이오,40,45
068760,셀트리온제약,40,45
068790,DMS,40,45
068930,디지털대성,30,45
068940,아이씨케이,100,100
069080,웹젠,30,45
069110,코스온,40,50
069140,누리플랜,100,100
069330,유아이디,100,100
069410,엔텔스,40,45
069510,에스텍,40,50
069540,라이트론,100,100
069920,아이에스이커머스,100,100
070300,엑스큐어,100,100
070590,한솔인티큐브,100,100
071200,인피니트헬스케어,30,45
071280,로체시스템즈,40,50
071460,위니아딤채,100,100
071670,에이테크솔루션,40,50
071850,캐스텍코리아,40,50
072020,중앙백신,30,45
072470,우리산업홀딩스,40,50
072520,제넨바이오,100,100
072770,율호,100,100
072870,메가스터디,40,45
072950,빛샘전자,40,100
072990,에이치시티,40,45
073010,케이에스피,100,100
073070,에스모,100,100
073110,엘엠에스,40,45
073190,듀오백,100,100
073490,이노와이어리스,30,45
073540,에프알텍,100,100
073560,우리손에프앤지,40,45
073570,WI,100,100
073640,삼원테크,100,100
074430,아미노로직스,40,45
074600,원익QnC,30,45
075130,플랜티넷,40,50
075970,동국알앤에스,40,50
076080,웰크론한텍,40,100
076610,해성옵틱스,100,100
077360,덕산하이메탈,40,45
078020,이베스트투자증권,30,45
078070,유비쿼스홀딩스,30,45
078130,국일제지,40,100
078140,대봉엘에스,40,45
078150,HB테크놀러지,40,45
078160,메디포스트,40,60
078340,컴투스,20,45
078350,한양디지텍,40,100
078590,두올산업,100,100
078600,대주전자재료,40,50
078650,코렌,40,60
078860,아이오케이,100,100
078890,가온미디어,40,45
078940,코드네이처,100,100
079000,와토스코리아,40,60
079170,한창산업,40,60
079190,EMW,100,100
079370,제우스,40,45
079650,서산,40,60
079810,디이엔티,100,100
079940,가비아,30,45
079950,인베니아,40,50
079960,동양이엔피,40,45
079970,투비소프트,100,100
080000,에스엔유,30,45
080010,이상네트웍스,40,50
080160,모두투어,40,50
080220,제주반도체,40,45
080420,모다이노칩,40,45
080440,에스제이케이,100,100
080470,성창오토텍,40,60
080520,오디텍,40,50
080530,코디,100,100
080580,오킨스전자,100,100
080720,한국유니온제약,40,50
081150,티플랙스,40,100
081580,성우전자,40,50
082210,옵트론텍,40,45
082270,젬백스,40,100
082660,코스나인,100,100
082800,루미마이크로,100,100
082850,우리바이오,100,100
082920,비츠로셀,30,45
083310,엘오티베큠,30,45
083450,GST,30,45
083470,이엠앤아이,100,100
083500,에프엔에스테크,40,60
083550,케이엠,40,50
083640,인콘,40,60
083650,비에이치아이,100,100
083660,CSA 코스믹,100,100
083790,크리스탈,40,45
083930,아바코,40,45
084110,휴온스글로벌,30,45
084180,수성,100,100
084370,유진테크,30,45
084650,랩지노믹스,40,45
084730,팅크웨어,40,50
084850,아이티엠반도체,40,45
084990,헬릭스미스,40,100
085370,루트로닉,40,45
08537M,루트로닉3우C,100,100
085660,차바이오텍,30,45
085670,뉴프렉스,40,50
085810,알티캐스트,40,60
085910,네오티스,40,50
086040,바이오톡스텍,40,50
086060,진바이오텍,40,100
086250,이노와이즈,100,100
086390,유니테스트,30,45
086450,동국제약,30,45
086520,에코프로,30,45
086670,비엠티,40,50
086820,바이오솔루션,40,45
086890,이수앱지스,100,100
086900,메디톡스,100,100
086960,한컴MDS,40,45
086980,쇼박스,40,50
087010,펩트론,100,100
087260,모바일어플라이언스,40,50
087600,픽셀플러스,100,100
087730,에스모 머티리얼즈,100,100
088130,동아엘텍,40,45
088290,이원컴포텍,100,100
088390,이녹스,40,100
088800,에이스테크,40,50
088910,동우팜투테이블,40,45
089010,켐트로닉스,40,50
089030,테크윙,40,45
089140,넥스턴,30,45
089150,케이씨티,40,100
089230,THE E&M,100,100
089530,에이티세미콘,100,100
089600,나스미디어,40,45
089790,제이티,40,50
089850,유비벨록스,40,50
089890,코세스,40,45
089970,에이피티씨,30,45
089980,상아프론테크,30,45
090150,광진윈텍,100,100
090360,로보스타,40,50
090410,덕신하우징,40,50
090460,비에이치,30,45
090470,제이스텍,40,45
090710,휴림로봇,100,100
090740,아이엠이연이,40,50
090850,이지웰,40,50
091120,이엠텍,40,45
091340,S&K폴리텍,40,45
091440,텔레필드,100,100
091580,상신이디피,40,45
091590,남화토건,40,45
091700,파트론,30,45
091970,나노캠텍,40,100
091990,셀트리온헬스케어,30,45
092040,아미코젠,30,45
092070,디엔에프,30,45
092130,이크레더블,40,50
092190,서울바이오시스,40,50
092300,현우산업,40,100
092460,한라IMS,40,50
092600,앤씨앤,100,100
092730,네오팜,30,45
092870,엑시콘,40,50
093190,빅솔론,40,50
093320,케이아이엔엑스,30,45
093380,풍강,40,60
093520,매커스,40,50
093640,다믈멀티미디어,100,100
093920,서원인텍,40,45
094170,동운아나텍,40,50
094360,칩스앤미디어,40,45
094480,갤럭시아컴즈,40,45
094820,일진파워,40,45
094840,슈프리마에이치큐,40,50
094850,참좋은여행,40,50
094860,코닉글로리,100,100
094940,푸른기술,40,45
094970,제이엠티,40,100
095190,이엠코리아,50,100
095270,웨이브일렉트로,100,100
095340,ISC,30,45
095500,미래나노텍,40,50
095610,테스,30,45
095660,네오위즈,40,45
095700,제넥신,50,60
095910,에스에너지,40,100
096040,이트론,100,100
096240,청담러닝,40,45
096350,대창솔루션,100,100
096530,씨젠,30,45
096610,알에프세미,40,100
096630,에스코넥,40,50
096640,멜파스,100,100
096690,에이루트,100,100
096870,엘디티,100,100
097520,엠씨넥스,30,45
097780,에스맥,40,50
097800,윈팩,40,60
097870,효성오앤비,40,50
098120,마이크로컨텍솔,100,100
098460,고영,20,45
098660,에스티오,100,100
099190,아이센스,30,45
099220,SDN,40,45
099320,쎄트렉아이,30,45
099410,동방선기,100,100
099440,스맥,40,50
099520,ITX엠투엠,100,100
099750,이지케어텍,40,50
100030,모바일리더,40,100
100090,삼강엠앤티,100,100
100120,뷰웍스,30,45
100130,동국S&C,40,100
100590,머큐리,40,45
100660,서암기계공업,40,50
100700,세운메디칼,40,45
100790,미래에셋벤처투자,30,45
101000,상상인인더스트리,100,100
101160,월덱스,30,45
101170,우림기계,40,50
101240,씨큐브,40,45
101330,모베이스,40,45
101390,아이엠,100,100
101400,엔시트론,100,100
101490,에스앤에스텍,30,45
101670,코리아에스이,100,100
101680,한국정밀기계,100,100
101730,조이맥스,100,100
101930,인화정공,40,60
102120,어보브반도체,30,45
102210,해덕파워웨이,100,100
102710,이엔에프테크놀로지,30,45
102940,코오롱생명과학,100,100
103230,에스앤더블류,100,100
103840,우양,40,100
104040,대성파인텍,40,50
104200,NHN벅스,40,50
104460,디와이피엔에프,40,45
104480,티케이케미칼,40,45
104540,코렌텍,100,100
104620,노랑풍선,40,60
104830,원익머트리얼즈,30,45
105330,케이엔더블유,100,100
105550,트루윈,100,100
105740,디케이락,40,45
106080,하이소닉,100,100
106190,하이텍팜,40,50
106240,파인테크닉스,40,45
106520,디지탈옵틱,100,100
108230,톱텍,40,60
108320,실리콘웍스,30,45
108380,대양전기공업,40,50
108490,로보티즈,40,45
108790,인터파크,40,60
108860,셀바스AI,100,100
109080,옵티시스,40,50
109610,에스와이,40,50
109740,디에스케이,40,45
109820,진매트릭스,100,100
109860,동일금속,40,50
109960,에이프로젠 H&G,50,100
110020,전진바이오팜,100,100
110790,크리스에프앤씨,40,50
110990,디아이티,30,45
111710,남화산업,40,45
111820,지와이커머스,100,100
111870,삼본전자,40,45
112040,위메이드,40,50
112240,에스에프씨,100,100
113810,디젠스,100,100
114120,크루셜텍,100,100
114190,강원,100,100
114450,KPX생명과학,40,60
114570,지스마트글로벌,100,100
114630,우노앤컴퍼니,40,50
114810,아이원스,40,50
115160,휴맥스,40,50
115180,큐리언트,100,100
115310,인포바인,40,100
115440,우리넷,40,45
115450,지트리비앤티,40,50
115480,씨유메디칼,40,50
115500,케이씨에스,40,50
115530,씨엔플러스,100,100
115570,스타플렉스,100,100
115610,이미지스,100,100
115960,연우,30,45
117670,알파홀딩스,100,100
117730,티로보틱스,40,50
118990,모트렉스,40,50
119500,포메탈,40,50
119610,인터로조,30,45
119830,아이텍,100,100
119850,지엔씨에너지,40,45
119860,다나와,30,45
120240,대정화금,30,45
121440,골프존뉴딘홀딩스,40,50
121600,나노신소재,30,45
121800,비덴트,40,45
121850,코이즈,100,100
121890,에스디시스템,100,100
122310,제노레이,30,45
122350,삼기오토모티브,40,50
122450,KMH,40,45
122640,예스티,40,50
122690,서진오토모티브,100,100
122870,와이지엔터테인먼트,40,50
122990,와이솔,30,45
123010,아이에이네트웍스,100,100
123040,엠에스오토텍,50,60
123330,제닉,100,100
123410,코리아에프티,40,50
123420,선데이토즈,30,45
123570,이엠넷,40,45
123750,알톤스포츠,100,100
123840,한일진공,100,100
123860,아나패스,40,60
124500,아이티센,40,50
124560,태웅로직스,40,50
125210,아모그린텍,40,50
126600,코프라,40,45
126640,화신정공,40,50
126700,하이비젼시스템,30,45
126870,뉴로스,100,100
126880,제이엔케이히터,40,45
127120,디엔에이링크,100,100
127160,매직마이크로,100,100
127710,아시아경제,40,50
128540,에코캡,40,50
128660,피제이메탈,40,50
130500,GH신소재,40,50
130580,나이스디앤비,40,45
130740,티피씨글로벌,100,100
131030,디에이치피코리아,30,45
131090,시큐브,100,100
131100,스카이이앤엠,100,100
131180,딜리,40,50
131220,대한과학,40,50
131290,티에스이,30,45
131370,알서포트,40,45
131390,피앤이솔루션,40,50
131400,액트,40,50
131760,파인텍,100,100
131970,테스나,40,45
133750,메가엠디,40,50
134060,이퓨쳐,40,60
134580,디엠티,100,100
134780,화진,100,100
136480,하림,40,50
136510,쎄미시스코,40,100
136540,윈스,30,45
137400,피엔티,40,50
137940,넥스트아이,40,50
137950,제이씨케미칼,40,50
138070,신진에스엠,40,100
138080,오이솔루션,30,45
138360,에이씨티,100,100
138580,비즈니스온,30,45
138610,나이벡,100,100
138690,엘아이에스,40,60
139050,데일리블록체인,100,100
139670,키네마스터,100,100
140070,서플러스글로벌,40,50
140410,메지온,40,45
140520,대창스틸,40,100
140670,알에스오토메이션,40,50
140860,파크시스템스,30,45
141000,비아트론,40,45
141020,포티스,100,100
141070,맥스로텍,100,100
141080,레고켐바이오,40,60
142210,유니트론텍,40,50
142280,녹십자엠에스,40,100
142760,바이오리더스,100,100
143160,아이디스,40,45
143240,사람인에이치알,30,45
143540,영우디에스피,100,100
144510,녹십자랩셀,40,45
144960,뉴파워프라즈마,30,45
145020,휴젤,30,45
147760,마이크로프랜드,40,50
147830,제룡산업,40,60
148140,비디아이,40,100
148150,세경하이테크,30,45
148250,알엔투테크놀로지,40,45
149940,모다,100,100
149950,아바텍,40,50
149980,하이로닉,40,50
150840,인트로메딕,100,100
150900,파수,100,100
151860,KG ETS,40,45
151910,나노스,100,100
153460,네이블,100,100
153490,우리이앤엘,100,100
153710,옵티팜,40,50
154030,아시아종묘,100,100
154040,솔루에타,40,100
155650,와이엠씨,40,45
156100,엘앤케이바이오,100,100
158310,스타모빌리티,100,100
158430,아톤,40,100
159580,제로투세븐,40,45
159910,스킨앤스킨,100,100
160550,NEW,40,60
160600,이큐셀,100,100
160980,싸이맥스,30,45
161570,THE MIDONG,100,100
161580,필옵틱스,40,60
166090,하나머티리얼즈,40,45
166480,코아스템,40,60
168330,내츄럴엔도텍,100,100
170030,현대공업,40,45
170790,파이오링크,40,60
170920,엘티씨,40,45
171010,램테크놀러지,40,100
171090,선익시스템,40,45
171120,라이온켐텍,40,50
173130,오파스넷,100,100
173940,에프엔씨엔터,40,100
174880,장원테크,40,50
174900,앱클론,40,45
175140,인포마크,100,100
175250,아이큐어,40,60
176440,에이치엔티,100,100
177350,베셀,40,100
177830,파버나인,40,50
178320,서진시스템,30,45
178780,유테크,100,100
178920,SKC코오롱PI,30,45
179290,엠아이텍,30,45
179900,유티아이,40,45
180400,캔서롭,100,100
181340,이즈미디어,40,60
182360,큐브엔터,40,100
182400,엔케이맥스,40,50
182690,테라셈,100,100
183300,코미코,30,45
183490,엔지켐생명과학,40,45
184230,SGA솔루션즈,100,100
185490,아이진,100,100
186230,그린플러스,40,50
187220,디티앤씨,40,50
187270,신화콘텍,40,100
187420,제노포커스,40,50
187790,나노,40,50
187870,디바이스이엔지,30,45
189300,인텔리안테크,30,45
189690,포시에스,40,50
189860,서전기전,40,60
189980,흥국에프엔비,40,50
190510,나무가,40,50
190650,코리아에셋투자증권,40,50
191410,육일씨엔에쓰,100,100
191420,테고사이언스,40,50
192250,케이사인,40,45
192390,윈하이텍,40,100
192410,감마누,100,100
192440,슈피겐코리아,30,45
193250,와이제이엠게임즈,100,100
194480,데브시스터즈,100,100
194510,파티게임즈,100,100
194700,노바렉스,30,45
195440,퓨전,100,100
195500,마니커에프앤지,40,50
195990,에이비프로바이오,100,100
196170,알테오젠,100,100
196300,애니젠,100,100
196450,디오스텍,100,100
196490,디에이테크놀로지,100,100
196700,웹스,100,100
197140,디지캡,40,100
198080,엔피디,40,50
198440,고려시멘트,40,45
200130,콜마비앤에이치,30,45
200230,텔콘RF제약,40,60
200470,에이팩트,40,45
200670,휴메딕스,30,45
200710,에이디테크놀로지,40,45
200780,비씨월드제약,30,45
201490,미투온,40,50
203450,유니온커뮤니티,40,50
203650,드림시큐리티,40,45
203690,프로스테믹스,40,60
204020,그리티,40,50
204270,제이앤티씨,40,50
204620,글로벌텍스프리,40,45
204630,화이브라더스코리아,100,100
204840,지엘팜텍,100,100
204990,코썬바이오,100,100
205100,엑셈,30,45
205470,휴마시스,40,100
205500,액션스퀘어,100,100
206400,엔터메이트,100,100
206560,덱스터,40,50
206640,바디텍메드,40,45
206650,유바이오로직스,40,50
207760,미스터블루,40,45
208140,정다운,40,50
208340,파멥신,40,50
208350,지란지교시큐리티,40,50
208370,셀바스헬스케어,100,100
208640,썸에이지,100,100
208710,바이오로그디바이스,40,50
208860,엔지스테크널러지,100,100
211270,AP위성,40,50
212560,네오오토,40,50
213090,미래테크놀로지,40,100
213420,덕산네오룩스,30,45
214150,클래시스,30,45
214180,민앤지,30,45
214260,라파스,40,100
214270,퓨쳐스트림네트웍스,40,50
214310,세미콘라이트,100,100
214370,케어젠,100,100
214430,아이쓰리시스템,30,45
214450,파마리서치프로덕트,30,45
214680,디알텍,40,45
214870,뉴지랩,50,100
215000,골프존,30,45
215090,이디티,100,100
215100,로보로보,40,45
215200,메가스터디교육,30,45
215360,우리산업,40,50
215380,우정바이오,50,100
215480,토박스코리아,40,50
215600,신라젠,40,100
215790,이노인스트루먼트,40,100
216050,인크로스,40,45
216080,제테마,40,100
217190,제너셈,100,100
217270,넵튠,100,100
217330,싸이토젠,100,100
217480,에스디생명공학,40,100
217500,러셀,40,50
217600,켐온,40,45
217620,디딤,40,50
217730,강스템바이오텍,50,100
217820,엔에스,40,50
218150,미래생명자원,40,45
218410,RFHIC,20,45
219130,타이거일렉,40,50
219420,링크제니시스,40,45
219550,MP한강,100,100
219750,지티지웰니스,40,60
220100,퓨쳐켐,100,100
220180,핸디소프트,100,100
220260,켐트로스,40,50
220630,해마로푸드서비스,30,45
221610,자안,100,100
221840,하이즈항공,40,45
221980,케이디켐,40,60
222040,코스맥스엔비티,40,45
222080,씨아이에스,50,60
222110,팬젠,100,100
222420,쎄노텍,40,100
222800,심텍,40,50
222810,한류AI센터,100,100
222980,한국맥널티,40,50
223250,드림씨아이에스,40,100
223310,이에스브이,100,100
224060,코디엠,50,100
224110,에이텍티앤,40,50
225190,삼양옵틱스,40,45
225330,씨엠에스에듀,40,50
225430,케이엠제약,40,100
225530,보광산업,30,45
225570,넷게임즈,100,100
225590,패션플랫폼,40,50
226330,신테카바이오,40,100
226340,본느,40,45
226350,아이엠텍,100,100
226360,이엑스티,40,60
226400,오스테오닉,100,100
226440,한송네오텍,40,100
226950,올릭스,40,50
227100,디자인,100,100
227610,아우딘퓨쳐스,40,50
227950,마이크로텍,100,100
228340,동양파일,40,50
228670,레이,30,45
228760,지노믹트리,40,60
228850,레이언스,30,45
230240,에치에프알,40,45
230360,에코마케팅,30,45
230980,솔트웍스,100,100
232140,와이아이케이,40,50
234100,세원,40,50
234300,에스트래픽,40,60
234340,세틀뱅크,40,45
234690,녹십자웰빙,40,45
234920,자이글,100,100
235980,메드팩토,40,50
236200,슈프리마,30,45
237690,에스티팜,40,50
237750,피앤씨테크,40,50
237820,플레이디,100,100
237880,클리오,40,45
238090,앤디포스,40,50
238120,로고스바이오,40,60
238200,비피도,40,45
238490,힘스,30,45
239340,줌인터넷,40,60
239610,에이치엘사이언스,30,45
240810,원익IPS,30,45
241520,DSC인베스트먼트,40,50
241690,유니테크노,30,45
241710,코스메카코리아,40,45
241770,메카로,30,45
241790,오션브릿지,40,45
241820,피씨엘,100,100
241840,에이스토리,40,50
242040,나무기술,40,60
243070,휴온스,30,45
243840,신흥에스이씨,40,50
244460,올리패스,40,100
245620,EDGC,40,60
246690,TS인베스트먼트,40,100
246710,티앤알바이오팹,40,100
246720,아스타,100,100
246960,이노테라피,100,100
247540,에코프로비엠,30,45
250000,보라티알,40,50
250060,모비스,50,100
250930,예선테크,40,100
251370,와이엠티,40,45
251630,브이원텍,30,45
251970,펌텍코리아,40,45
252500,세화피앤씨,40,100
253450,스튜디오드래곤,20,45
253590,네오셈,100,100
253840,수젠텍,50,100
254120,자비스,40,60
255220,SG,40,50
255440,야스,30,45
256150,한독크린텍,40,50
256630,포인트엔지니어링,40,50
256840,한국비엔씨,50,100
256940,케이피에스,40,100
257370,명성티엔에스,40,45
258610,이더블유케이,40,100
258790,소프트캠프,100,100
258830,세종메디칼,40,50
259630,엠플러스,40,50
260660,알리코제약,40,45
260930,씨티케이코스메틱스,40,45
261200,하나금융9호스팩,40,60
263020,디케이앤디,40,50
263050,유틸렉스,40,100
263540,샘코,100,100
263600,덕우전자,40,45
263690,디알젬,40,45
263700,케어랩스,40,45
263720,디앤씨미디어,30,45
263750,펄어비스,20,45
263770,유에스티,40,45
263800,데이타솔루션,40,60
263810,상신전자,40,60
263860,지니언스,40,100
263920,블러썸엠앤씨,100,100
264450,유비쿼스,30,45
264660,씨앤지하이테크,40,45
264850,이랜시스,100,100
265520,AP시스템,40,45
265560,영화테크,40,50
267320,나인테크,100,100
267790,배럴,40,45
267980,매일유업,30,45
268600,셀리버리,40,50
269620,시스웍,40,50
270520,지엔원에너지,40,60
270870,뉴트리,30,45
272110,케이엔제이,40,100
272290,이녹스첨단소재,30,45
273060,엔에이치스팩12호,40,60
274090,켄코아에어로스페이스,40,100
275630,에스에스알,40,100
276920,IBKS제7호스팩,100,100
277070,린드먼아시아,40,100
277410,인산가,40,50
277480,신한제4호스팩,100,100
278280,천보,30,45
278650,노터스,40,45
279410,한화에이스스팩4호,100,100
279600,미디어젠,100,100
281410,한국제6호스팩,40,60
281740,레이크머티리얼즈,40,60
282880,코윈테크,40,45
284620,하나금융11호스팩,40,60
285490,노바텍,40,100
286750,나노브릭,40,100
287410,유안타제3호스팩,100,100
288330,브릿지바이오테라퓨틱,40,100
288620,에스퓨얼셀,40,50
289010,아이스크림에듀,40,45
289080,SV인베스트먼트,40,45
290120,대유에이피,40,50
290270,휴네시온,40,100
290380,대유,40,45
290510,코리아센터,40,50
290550,디케이티,40,45
290650,엘앤씨바이오,30,45
290660,네오펙트,100,100
290670,대보마그네틱,40,45
290720,푸드나무,30,45
290740,액트로,30,45
291210,한국제7호스팩,40,60
291230,삼성스팩2호,40,60
293580,나우IB,40,100
293780,압타바이오,40,60
294140,레몬,40,50
294630,서남,40,100
297090,씨에스베어링,40,50
297570,알로이스,40,100
298380,에이비엘바이오,40,50
299170,IBKS제10호스팩,40,60
299660,셀리드,40,50
299900,위지윅스튜디오,30,45
299910,베스파,40,50
300080,플리토,40,100
300120,라온피플,40,45
302430,이노메트리,30,45
302550,리메드,40,50
303030,지니틱스,40,50
305090,마이크로디지탈,40,100
306040,에스제이그룹,40,45
306620,네온테크,100,100
307070,SK4호스팩,100,100
307160,하나머스트제6호스팩,100,100
307180,아이엘사이언스,100,100
307280,교보8호스팩,100,100
307750,대신밸런스제6호스팩,100,100
307870,상상인이안1호스팩,100,100
307930,컴퍼니케이,40,45
308100,까스텔바작,40,50
309930,삼성머스트스팩3호,100,100
310200,애니플러스,40,60
310840,엔에이치스팩13호,40,60
310870,한국제8호스팩,100,100
311270,키움제5호스팩,100,100
311390,네오크레마,40,50
311690,천랩,40,100
312610,에이에프더블류,40,45
313750,유안타제4호스팩,100,100
313760,윌링스,40,50
317030,케이비17호스팩,40,60
317120,라닉스,40,50
317240,하이제4호스팩,100,100
317320,한화에스비아이스팩,40,60
317330,덕산테코피아,30,45
317530,캐리소프트,40,100
317770,슈프리마아이디,40,50
317830,에스피시스템스,40,50
317850,대모,40,50
317870,엔바이오니아,40,100
318000,한국바이오젠,40,50
318010,팜스빌,40,45
319400,엔에이치스팩14호,40,60
319660,피에스케이,30,45
320000,하나금융13호스팩,100,100
321260,유진스팩4호,100,100
321550,티움바이오,40,100
322180,티라유텍,40,100
322510,제이엘케이,40,100
322780,DB금융스팩7호,100,100
323210,이베스트이안스팩1호,40,60
323230,신한제5호스팩,100,100
323280,신영스팩5호,40,60
323940,케이비제18호스팩,100,100
327260,메탈라이프,40,50
328380,미래에셋대우스팩3호,40,60
329560,상상인이안제2호스팩,100,100
330990,케이비제19호스팩,100,100
331380,유진스팩5호,100,100
331520,교보9호스팩,40,60
332290,대신밸런스제7호스팩,40,60
332710,하나금융14호스팩,40,100
333050,신한제6호스팩,40,60
333430,미래에셋대우스팩4호,40,60
335870,IBKS제12호스팩,40,60
335890,IBKS제11호스팩,40,60
336060,유안타제5호스팩,40,60
336570,대신밸런스제8호스팩,40,60
337450,SK5호스팩,40,60
339950,엔에이치스팩15호,40,60
340120,하이제5호스팩,40,60
340350,SK6호스팩,40,60
340360,유안타제6호스팩,40,60
340440,한화플러스제1호스팩,40,60
341160,하나금융15호스팩,40,60
342550,케이비제20호스팩,40,60
344050,신영스팩6호,40,60
347140,케이프이에스제4호,40,60
349720,이베스트스팩5호,40,100
900070,글로벌에스엠,100,100
900080,에스앤씨엔진그룹,100,100
900100,뉴프라이드,100,100
900110,이스트아시아홀딩스,100,100
900120,씨케이에이치,100,100
900250,크리스탈신소재,40,100
900260,로스웰,40,100
900270,헝셩그룹,40,100
900280,골든센츄리,40,100
900290,GRT,40,100
900300,오가닉티코스메틱,40,100
900310,컬러레이,40,100
900340,윙입푸드,40,100
950110,SBI핀테크솔루션즈,40,60
950130,엑세스바이오,40,60
950140,잉글우드랩,40,50
950160,코오롱티슈진,100,100
950170,JTC,40,45
950180,SNK,40,50
